Gender,Early College HS?,HS Rank,GPA at Graduation,Credits Transferred,Cal 1 Final Grade (MATH 1411),Cal 2 Final Grade (MATH 1312),Statics Final Grade (MECH 1321),Chemistry Final Grade (CHEM 1305),degree_completion
1,1,34.0,3.51,69,3,4,4,3,1
1,0,9.0,3.68,0,4,4,4,3,1
1,0,201.0,0.0,0,4,0,0,-1,0
0,0,223.0,2.86,0,4,4,3,2,1
0,0,25.0,3.59,60,4,4,3,3,1
0,0,85.0,2.79,81,0,0,0,0,1
1,0,64.0,0.0,6,0,0,0,-1,0
1,0,123.0,0.0,0,4,0,0,0,0
1,0,85.0,3.16,6,4,4,3,3,1
1,0,267.0,0.0,23,0,0,0,-1,0
1,0,269.0,0.0,0,0,0,0,0,0
1,0,237.0,0.0,15,0,0,0,0,0
1,0,158.0,0.0,71,0,0,0,0,0
1,0,117.0,0.0,0,0,0,0,0,0
0,0,47.0,2.34,68,0,0,0,1,0
1,0,175.0,3.52,83,0,0,0,0,1
1,0,199.0,0.0,0,0,0,0,-1,0
1,0,85.0,0.0,0,0,0,0,0,0
1,0,141.0,0.0,0,3,0,0,4,0
1,0,141.0,0.0,0,0,0,0,0,0
1,1,63.0,0.0,63,0,0,0,0,0
1,0,167.0,0.0,0,0,0,0,0,0
1,0,194.0,0.0,0,4,0,0,0,0
1,0,182.0,3.39,0,2,0,0,3,0
1,0,63.0,0.0,61,0,0,-1,0,0
0,0,85.0,0.0,67,0,0,0,0,0
1,0,85.0,3.62,0,2,3,4,2,1
1,0,33.0,0.0,0,0,0,0,0,0
1,0,301.0,0.0,0,0,0,0,0,0
1,0,34.0,0.0,6,0,0,0,0,0
1,1,50.0,0.0,62,3,4,2,3,0
1,0,85.0,0.0,9,0,0,0,0,0
1,0,247.0,0.0,0,3,0,0,1,0
1,0,85.0,3.36,69,0,0,0,3,0
1,0,386.0,0.0,0,2,3,0,-1,0
1,0,455.0,0.0,51,0,0,2,0,0
1,0,35.0,0.0,85,0,0,4,0,0
1,0,192.0,2.48,0,3,2,3,2,1
1,0,36.0,0.0,57,0,0,0,0,0
1,0,151.0,3.25,62,0,0,0,0,1
1,0,231.0,0.0,0,0,4,0,0,0
1,0,267.0,0.0,0,3,4,0,0,0
1,0,85.0,0.0,0,3,3,-1,2,0
0,0,293.0,0.0,0,2,0,0,0,0
0,0,142.0,0.0,0,4,4,0,0,0
1,0,177.0,0.0,61,0,0,0,0,0
1,0,24.0,0.0,0,-1,0,0,-1,0
1,0,266.0,0.0,0,0,0,0,0,0
1,0,188.0,0.0,27,0,0,0,0,0
1,0,6.0,3.12,62,0,0,0,0,1
0,0,176.0,0.0,0,0,0,0,0,0
1,0,36.0,0.0,7,4,4,2,3,0
1,0,33.0,0.0,21,3,0,0,1,0
1,0,2.0,0.0,49,4,4,4,4,0
1,0,36.0,2.87,35,0,-1,0,3,0
1,0,332.0,0.0,6,0,0,0,0,0
1,0,252.0,2.52,0,0,0,0,0,0
1,0,85.0,3.38,86,0,0,0,0,1
1,0,85.0,3.14,0,0,0,0,0,1
1,0,85.0,3.57,39,4,4,4,4,1
0,0,12.0,0.0,0,3,2,2,1,0
1,0,85.0,0.0,24,0,0,0,0,0
1,0,136.0,0.0,0,4,4,0,0,0
0,0,34.0,0.0,74,0,4,2,0,0
0,0,126.0,0.0,11,0,3,2,2,0
0,1,18.0,3.28,66,0,2,4,0,1
1,0,224.0,0.0,0,0,0,0,0,0
1,0,26.0,0.0,0,0,0,0,0,0
1,0,121.0,0.0,0,4,4,2,2,0
1,0,85.0,0.0,178,0,0,0,0,0
0,0,4.0,3.76,32,0,4,4,3,0
1,0,96.0,0.0,0,2,0,-1,2,0
0,0,23.0,3.51,15,4,2,4,3,1
1,0,43.0,0.0,6,-1,0,0,0,0
1,0,23.0,0.0,16,4,4,1,3,0
1,0,85.0,2.93,48,0,2,3,0,1
1,0,85.0,3.04,25,0,3,4,0,1
1,0,9.0,3.61,16,4,0,0,4,0
1,0,32.0,3.94,19,0,0,4,4,1
1,0,85.0,0.0,72,4,4,0,2,0
1,0,85.0,2.94,67,0,0,0,0,1
1,0,423.0,2.98,100,0,0,0,0,1
1,0,85.0,0.0,0,0,0,0,-1,0
1,0,454.0,0.0,0,0,0,0,0,0
1,0,262.0,3.06,70,0,0,3,2,1
1,0,320.0,0.0,0,3,3,2,2,0
0,0,195.0,0.0,53,0,0,0,0,0
0,0,85.0,3.7,53,0,0,0,0,0
1,0,147.0,0.0,0,-1,0,0,0,0
1,0,29.0,0.0,0,0,0,0,0,0
1,1,54.0,0.0,62,0,0,3,-1,0
0,0,272.0,0.0,12,2,4,2,1,0
1,0,511.0,0.0,0,4,4,0,0,0
1,0,1.0,0.0,0,0,0,0,0,0
1,1,43.0,0.0,65,0,0,0,0,0
1,0,46.0,0.0,27,4,3,3,3,0
1,0,38.0,0.0,0,3,4,0,0,0
1,0,23.0,3.86,79,0,0,0,0,1
1,0,287.0,3.06,58,0,0,0,0,1
1,0,158.0,0.0,0,0,0,0,3,0
0,0,13.0,3.14,0,2,2,2,2,1
1,0,91.0,0.0,0,0,0,0,0,0
1,0,170.0,0.0,0,3,3,-1,-1,0
1,0,2.0,0.0,61,0,3,0,4,0
1,0,144.0,0.0,0,0,0,0,1,0
1,0,274.0,0.0,0,0,0,0,0,0
1,0,85.0,2.94,42,0,0,0,0,1
0,0,454.0,0.0,0,0,0,0,0,0
1,1,43.0,0.0,76,2,0,0,0,0
1,0,287.0,0.0,0,0,0,0,0,0
1,0,35.0,3.91,25,0,4,4,4,1
1,0,335.0,0.0,6,4,2,2,2,0
1,0,43.0,0.0,0,0,0,0,0,0
1,0,109.0,3.33,33,4,4,4,3,1
0,0,85.0,0.0,51,0,0,0,0,0
1,0,228.0,0.0,0,3,2,2,2,0
1,0,85.0,0.0,73,0,0,0,0,0
0,0,50.0,0.0,42,0,4,4,0,0
1,0,42.0,0.0,53,0,0,0,0,0
1,0,255.0,0.0,0,3,4,0,2,0
1,0,53.0,0.0,0,0,0,0,0,0
1,0,69.0,0.0,0,0,0,0,0,0
1,0,272.0,0.0,0,0,0,0,0,0
0,0,27.0,0.0,0,3,0,0,1,0
1,0,193.0,3.14,53,0,0,4,0,1
1,0,85.0,0.0,27,0,0,0,0,0
1,0,21.0,0.0,6,4,4,2,4,0
1,0,85.0,0.0,21,3,3,0,0,0
1,0,453.0,3.62,36,2,4,4,3,1
1,0,85.0,3.71,75,0,0,0,0,1
0,0,22.0,0.0,31,4,4,3,4,0
1,0,85.0,3.43,57,0,0,4,0,1
1,0,254.0,0.0,0,0,0,0,0,0
1,0,85.0,3.6,96,0,0,0,0,1
1,0,252.0,0.0,6,4,4,0,0,0
1,0,47.0,0.0,9,3,0,0,3,0
1,0,43.0,3.83,6,4,4,2,2,1
1,0,85.0,0.0,51,0,4,0,0,0
1,0,453.0,0.0,0,0,0,0,0,0
1,0,178.0,0.0,0,0,0,0,0,0
1,0,302.0,0.0,0,0,0,0,0,0
1,0,25.0,0.0,6,3,3,0,3,0
1,0,189.0,0.0,0,2,3,0,2,0
0,0,31.0,3.07,75,4,3,2,0,1
1,0,34.0,3.47,15,4,4,3,3,1
1,0,57.0,0.0,0,0,0,0,0,0
0,0,8.0,0.0,27,4,4,4,4,0
1,0,79.0,0.0,9,3,2,3,3,0
1,0,85.0,0.0,57,0,0,0,0,0
1,0,85.0,0.0,61,0,-1,4,0,0
1,1,28.0,0.0,42,0,0,0,-1,0
1,0,85.0,0.0,0,0,0,0,0,0
1,0,85.0,3.09,47,0,4,4,0,1
1,0,85.0,2.76,27,4,4,4,0,1
1,0,85.0,0.0,0,3,0,1,1,0
1,0,548.0,0.0,0,0,0,0,0,0
1,0,85.0,2.81,29,4,0,3,0,1
1,0,85.0,0.0,0,2,2,-1,2,0
1,0,11.0,0.0,18,-1,0,0,0,0
1,0,39.0,3.67,37,4,4,3,0,1
1,0,545.0,0.0,0,0,0,0,0,0
1,0,85.0,0.0,0,0,0,0,0,0
1,0,82.0,0.0,0,0,0,0,0,0
1,1,38.0,3.27,90,0,0,4,3,1
1,0,1.0,4.0,0,4,4,4,4,1
1,0,85.0,2.71,28,0,0,4,0,1
1,1,26.0,3.53,64,4,4,4,0,1
1,0,85.0,0.0,69,0,0,0,0,0
1,0,228.0,0.0,0,0,0,0,0,0
1,0,23.0,3.26,0,0,0,0,0,1
1,0,85.0,3.6,0,4,4,3,2,1
1,0,18.0,3.74,50,0,0,4,0,1
1,0,82.0,0.0,0,4,0,0,0,0
0,1,2.0,3.28,73,0,3,4,3,1
0,0,170.0,0.0,0,0,0,0,0,0
1,0,85.0,0.0,62,0,0,-1,0,0
1,0,85.0,0.0,60,3,3,4,2,0
1,0,16.0,3.73,0,0,0,4,0,1
1,0,85.0,0.0,88,0,-1,4,0,0
1,0,147.0,0.0,0,0,0,0,0,0
0,0,120.0,0.0,0,4,4,4,4,0
1,1,5.0,0.0,63,0,0,0,0,0
1,0,312.0,3.75,69,0,0,0,0,1
1,0,162.0,0.0,0,4,3,2,3,0
1,0,313.0,0.0,82,0,0,0,0,0
1,0,118.0,2.73,90,0,0,0,0,1
1,0,203.0,0.0,9,0,0,0,0,0
1,0,345.0,3.24,68,0,0,0,0,1
1,0,616.0,0.0,0,0,0,0,0,0
1,0,2.0,4.0,0,4,4,4,4,1
1,0,85.0,0.0,51,4,0,0,3,0
1,0,85.0,0.0,0,4,4,4,4,0
1,0,67.0,3.33,0,3,4,4,2,0
1,0,29.0,0.0,7,0,3,4,0,0
0,0,173.0,0.0,43,0,0,0,0,0
1,0,14.0,0.0,0,3,0,0,0,0
1,0,160.0,0.0,66,0,0,0,0,0
1,0,189.0,0.0,34,0,4,4,4,0
1,0,9.0,3.88,23,0,0,3,4,1
1,0,85.0,0.0,0,4,4,4,4,0
0,0,13.0,0.0,31,4,2,1,0,0
0,1,17.0,0.0,51,0,0,2,0,0
1,0,13.0,0.0,28,0,4,4,4,0
1,0,269.0,0.0,0,0,0,0,0,0
1,0,2.0,0.0,18,0,2,0,0,0
1,0,154.0,0.0,0,0,0,0,1,0
0,0,77.0,0.0,6,0,0,0,0,0
1,0,12.0,0.0,24,0,0,0,0,0
1,0,85.0,0.0,49,4,2,-1,0,0
1,0,85.0,3.44,82,0,0,0,0,0
1,0,352.0,0.0,0,0,0,0,0,0
1,0,59.0,0.0,62,0,4,0,3,0
1,0,85.0,0.0,0,2,0,0,0,0
1,0,151.0,0.0,13,0,0,0,0,0
1,0,5.0,0.0,21,0,0,0,3,0
0,0,1.0,0.0,76,0,4,0,4,0
1,0,221.0,3.9,82,0,0,0,0,1
1,0,22.0,0.0,0,0,0,0,0,0
1,0,3.0,3.9,69,4,4,4,4,1
1,1,61.0,0.0,60,0,0,0,0,0
1,1,85.0,0.0,32,0,0,0,0,0
1,0,508.0,0.0,9,4,4,0,3,0
0,0,85.0,0.0,19,0,4,4,4,0
0,0,101.0,0.0,7,3,4,2,1,0
1,0,98.0,3.54,74,0,0,0,0,1
0,0,85.0,0.0,72,0,0,0,0,0
1,0,85.0,0.0,52,0,0,-1,0,0
1,0,85.0,3.96,64,0,0,4,0,1
1,0,193.0,0.0,0,4,0,0,4,0
1,0,85.0,0.0,0,0,0,0,0,0
1,0,94.0,0.0,6,3,1,2,3,0
1,0,214.0,0.0,0,3,3,3,3,0
0,0,443.0,0.0,6,0,0,0,-1,0
1,0,3.0,3.42,16,0,2,2,4,0
0,0,85.0,2.33,19,0,0,0,0,1
1,0,274.0,0.0,0,4,4,3,4,0
1,0,436.0,0.0,0,0,0,0,-1,0
1,0,3.0,3.65,43,3,4,4,3,1
1,0,37.0,3.59,36,0,0,0,0,1
1,1,65.0,0.0,60,0,4,2,0,0
1,0,79.0,2.56,40,0,4,4,0,1
1,1,12.0,3.39,60,2,2,4,4,1
1,0,143.0,0.0,0,0,0,0,0,0
1,0,85.0,0.0,34,0,0,0,0,0
1,0,340.0,0.0,0,0,0,0,0,0
1,0,383.0,0.0,0,0,0,0,-1,0
1,0,85.0,0.0,75,0,0,0,0,0
1,0,104.0,0.0,70,0,0,0,0,0
0,0,85.0,0.0,0,0,0,0,0,0
1,0,66.0,3.83,53,0,3,4,0,1
1,0,46.0,0.0,6,3,3,2,2,0
1,0,54.0,0.0,15,2,0,0,4,0
1,0,138.0,0.0,56,-1,0,0,0,0
1,0,74.0,0.0,0,0,0,0,1,0
1,0,31.0,0.0,0,0,0,0,0,0
0,0,302.0,0.0,27,3,2,0,0,0
1,0,87.0,0.0,24,2,4,4,3,0
1,0,48.0,0.0,10,0,0,0,0,0
1,0,242.0,0.0,6,3,4,4,3,0
1,0,252.0,0.0,0,0,0,0,0,0
1,0,349.0,0.0,0,0,0,0,0,0
1,0,492.0,0.0,0,3,4,0,1,0
0,0,63.0,3.77,15,4,4,4,3,1
1,0,223.0,0.0,7,-1,0,0,0,0
1,0,194.0,0.0,0,3,3,2,2,0
1,0,347.0,0.0,46,0,0,4,0,0
0,0,45.0,0.0,22,2,3,2,3,0
1,0,132.0,0.0,0,0,0,1,1,0
1,0,95.0,0.0,4,0,4,-1,-1,0
1,0,85.0,3.74,0,4,4,3,0,1
1,0,208.0,0.0,0,0,0,0,2,0
1,0,13.0,3.86,71,0,0,0,0,1
1,1,53.0,0.0,56,0,4,2,0,0
1,0,57.0,3.03,7,4,3,4,3,1
1,0,268.0,0.0,0,2,0,0,0,0
1,0,91.0,2.57,0,0,0,0,0,0
0,0,565.0,0.0,0,2,4,2,-1,0
1,0,29.0,0.0,0,3,0,0,1,0
1,0,382.0,0.0,0,4,4,3,0,0
0,0,11.0,3.55,19,0,3,4,3,1
1,0,23.0,3.64,65,0,0,0,0,1
1,0,202.0,0.0,55,0,0,0,0,0
1,0,85.0,3.02,0,3,2,4,3,1
0,0,104.0,3.25,0,4,4,4,2,1
1,0,239.0,0.0,0,0,0,0,4,0
1,0,85.0,0.0,67,0,0,0,0,0
1,0,30.0,3.94,32,0,0,4,4,1
1,0,64.0,0.0,61,0,4,0,0,0
1,0,85.0,3.94,44,0,0,4,0,1
1,0,50.0,0.0,0,-1,0,0,3,0
0,0,125.0,2.88,45,2,4,2,2,1
1,0,85.0,0.0,7,0,0,0,0,0
1,0,85.0,0.0,0,0,0,0,0,0
1,0,11.0,3.19,75,0,0,0,0,1
1,0,112.0,0.0,0,3,0,0,0,0
1,0,85.0,3.31,46,0,0,4,0,1
0,0,44.0,3.47,62,0,0,0,0,1
1,0,350.0,0.0,0,4,4,3,3,0
1,0,117.0,2.86,63,0,0,0,0,0
1,0,85.0,3.64,71,0,0,0,0,1
1,0,4.0,2.94,37,3,1,0,0,0
1,0,96.0,0.0,27,3,-1,0,0,0
1,0,113.0,0.0,71,0,0,0,0,0
1,0,6.0,3.43,62,0,0,0,0,1
0,0,139.0,0.0,0,2,4,1,1,0
1,0,279.0,3.08,55,0,0,4,0,1
1,1,16.0,0.0,66,0,0,0,0,0
1,0,127.0,0.0,7,4,2,0,0,0
1,0,94.0,0.0,0,-1,0,0,0,0
1,0,75.0,0.0,0,1,0,0,0,0
1,0,1.0,3.62,72,0,0,0,0,1
1,0,171.0,3.4,0,4,4,3,0,1
1,0,85.0,0.0,70,0,0,0,0,0
1,0,85.0,0.0,0,4,3,0,0,0
1,0,85.0,3.21,141,0,0,0,0,1
1,0,85.0,0.0,53,0,0,0,0,0
1,0,85.0,0.0,0,0,0,0,0,0
1,0,183.0,3.41,0,3,0,4,2,1
1,0,11.0,3.79,78,0,0,0,0,1
1,0,85.0,0.0,13,0,0,0,-1,0
0,0,143.0,3.91,74,0,0,0,0,1
0,0,85.0,0.0,0,0,0,0,0,0
1,1,45.0,3.72,87,0,0,4,0,1
1,0,213.0,0.0,0,0,0,0,0,0
1,0,85.0,0.0,0,3,2,0,4,0
1,0,85.0,0.0,76,0,0,0,0,0
1,0,25.0,0.0,8,0,4,4,4,0
1,0,85.0,0.0,52,0,0,0,0,0
1,0,16.0,3.48,27,4,3,4,3,1
1,0,435.0,0.0,0,0,0,0,0,0
1,0,85.0,0.0,42,3,3,3,3,0
1,0,159.0,0.0,74,0,0,0,0,0
1,0,487.0,0.0,0,1,0,0,1,0
1,0,85.0,0.0,60,0,0,0,0,0
1,0,34.0,0.0,17,0,-1,2,2,0
1,0,298.0,2.83,0,3,0,4,0,1
1,0,17.0,0.0,58,0,4,3,3,0
1,0,576.0,0.0,0,4,0,0,0,0
1,0,47.0,0.0,23,0,4,4,4,0
1,0,199.0,3.21,67,0,0,0,0,1
1,0,13.0,0.0,42,4,4,-1,4,0
1,0,25.0,3.33,21,4,4,4,4,1
1,0,85.0,0.0,61,0,0,0,0,0
1,0,91.0,3.32,24,2,2,4,3,1
1,0,114.0,0.0,6,4,4,4,2,0
1,0,31.0,3.83,10,0,0,2,3,1
1,0,11.0,2.4,77,0,0,0,3,1
1,1,50.0,3.2,60,3,4,4,2,1
1,0,85.0,0.0,90,3,3,3,0,0
1,0,244.0,0.0,0,0,0,0,0,0
1,0,20.0,3.8,21,3,4,4,4,1
1,0,85.0,3.14,0,4,4,4,0,0
0,0,2.0,3.88,31,4,4,3,3,1
1,0,85.0,0.0,0,4,0,0,0,0
1,1,66.0,2.79,61,0,1,2,2,1
1,0,85.0,3.28,54,0,0,0,0,1
1,0,85.0,0.0,65,0,3,0,0,0
1,0,68.0,3.37,21,0,0,0,3,0
1,0,85.0,3.2,64,0,0,3,0,1
0,0,54.0,0.0,0,0,4,0,1,0
1,0,152.0,0.0,6,3,4,3,2,0
1,0,118.0,0.0,0,2,0,0,0,0
0,0,1.0,3.23,3,3,2,4,2,1
1,0,2.0,3.66,16,0,0,4,3,1
1,0,456.0,0.0,0,0,0,0,0,0
1,0,85.0,0.0,85,0,0,3,0,0
1,0,111.0,0.0,0,1,0,0,0,0
0,0,128.0,0.0,0,2,2,0,0,0
0,0,85.0,2.65,83,0,0,0,0,1
1,0,41.0,0.0,0,0,0,0,1,0
1,1,32.0,3.36,62,3,2,4,0,1
1,0,109.0,0.0,32,3,-1,4,2,0
1,0,401.0,0.0,0,3,-1,-1,1,0
1,0,100.0,0.0,47,0,3,0,0,0
0,0,213.0,0.0,0,0,0,0,0,0
1,0,85.0,0.0,25,2,4,3,-1,0
1,0,34.0,0.0,140,0,1,-1,2,0
1,0,64.0,0.0,0,0,0,0,-1,0
1,0,85.0,0.0,70,0,0,0,0,0
1,0,85.0,0.0,0,4,4,4,4,0
1,0,85.0,0.0,25,0,0,0,0,0
1,0,85.0,0.0,0,0,0,0,0,0
1,0,16.0,3.65,64,0,0,0,0,1
0,0,85.0,0.0,0,3,4,2,3,0
1,0,519.0,0.0,0,0,0,-1,-1,0
1,1,68.0,0.0,61,2,2,2,1,0
1,0,288.0,0.0,0,4,4,-1,2,0
1,0,19.0,0.0,8,0,4,3,1,0
1,0,85.0,0.0,64,0,2,2,2,0
1,0,85.0,2.61,46,4,3,2,2,1
1,0,36.0,0.0,0,2,2,1,-1,0
1,0,85.0,0.0,38,0,3,4,0,0
1,0,133.0,0.0,38,0,0,0,0,0
1,0,62.0,3.14,51,0,0,0,0,1
1,0,85.0,0.0,78,0,0,3,0,0
1,0,41.0,0.0,22,3,4,2,4,0
1,0,85.0,0.0,51,0,0,0,0,0
0,0,70.0,3.74,3,4,3,0,4,0
1,0,81.0,0.0,0,0,0,0,0,0
1,0,85.0,0.0,0,4,0,0,0,0
1,0,27.0,3.35,12,4,2,0,4,0
1,0,85.0,2.97,105,0,0,0,0,1
1,0,85.0,3.73,22,0,0,0,0,1
1,0,268.0,0.0,18,0,0,0,-1,0
0,0,5.0,3.9,78,0,0,0,0,1
1,0,41.0,2.85,33,0,2,2,0,1
1,0,85.0,3.24,73,0,0,0,0,1
0,0,159.0,0.0,27,0,0,0,0,0
1,0,74.0,0.0,64,0,0,0,0,0
0,0,105.0,0.0,0,0,0,0,0,0
1,0,85.0,0.0,65,0,0,0,0,0
1,0,85.0,3.04,37,0,0,4,0,1
1,0,442.0,0.0,0,4,0,0,-1,0
1,0,97.0,2.99,0,2,3,3,2,1
0,0,22.0,0.0,15,4,4,2,4,0
1,1,55.0,0.0,27,2,0,1,1,0
1,0,42.0,0.0,65,0,0,3,3,0
1,0,172.0,3.63,0,3,4,4,3,1
1,0,295.0,0.0,0,0,0,0,0,0
1,0,85.0,0.0,0,0,0,0,0,0
1,0,65.0,3.84,72,0,0,3,0,1
1,0,345.0,0.0,0,0,0,0,0,0
1,0,13.0,0.0,62,0,4,0,0,0
1,0,85.0,3.64,0,4,4,0,2,0
0,0,153.0,0.0,83,0,0,0,0,0
1,0,111.0,0.0,30,0,0,0,0,0
1,0,3.0,3.8,36,0,0,0,0,1
1,0,136.0,0.0,70,0,0,0,0,0
0,0,2.0,0.0,24,4,4,4,3,0
1,0,85.0,3.35,90,0,0,0,0,1
0,0,11.0,3.49,6,4,4,0,3,0
1,1,70.0,3.47,69,0,2,4,0,1
1,0,85.0,0.0,13,-1,0,0,0,0
1,0,31.0,3.89,18,4,4,4,4,1
1,0,85.0,3.54,58,0,0,0,0,1
1,0,69.0,0.0,67,0,0,0,0,0
1,0,399.0,3.73,61,0,0,4,0,1
1,0,417.0,3.54,0,0,0,0,0,0
1,1,21.0,0.0,58,0,0,-1,2,0
1,1,88.0,0.0,53,0,-1,0,0,0
1,0,21.0,0.0,33,0,0,4,4,0
1,0,14.0,0.0,0,2,0,0,0,0
1,0,85.0,0.0,62,-1,0,0,-1,0
1,0,315.0,0.0,0,3,3,0,-1,0
1,0,85.0,3.15,37,4,2,2,0,1
1,0,26.0,3.66,72,0,0,0,0,1
1,0,85.0,0.0,71,0,0,0,0,0
1,0,182.0,0.0,0,4,4,0,4,0
1,0,85.0,4.0,0,0,0,0,0,1
1,0,51.0,0.0,0,4,0,0,0,0
1,1,39.0,3.39,61,3,3,0,0,1
1,0,2.0,4.0,42,4,4,4,4,1
0,0,6.0,3.74,113,0,4,0,0,1
1,0,85.0,0.0,67,0,0,0,0,0
1,0,180.0,0.0,0,0,0,0,2,0
0,0,85.0,0.0,0,4,4,4,4,0
1,0,62.0,0.0,56,0,0,4,0,0
1,0,247.0,0.0,0,4,0,0,1,0
1,0,215.0,2.98,67,0,0,0,0,1
1,0,108.0,0.0,0,0,0,0,0,0
0,0,85.0,3.58,0,2,4,4,3,1
1,0,36.0,0.0,0,0,0,0,0,0
1,0,276.0,0.0,0,0,0,0,0,0
1,0,85.0,3.29,102,0,4,2,0,1
1,0,116.0,0.0,0,0,0,0,0,0
1,0,85.0,0.0,0,0,0,0,0,0
1,0,243.0,0.0,0,3,0,0,-1,0
1,0,82.0,3.25,60,0,0,0,0,1
1,0,85.0,0.0,74,0,0,0,0,0
1,0,85.0,2.72,75,0,0,0,0,1
1,0,367.0,3.87,69,0,0,0,0,1
1,0,85.0,3.35,58,0,0,0,4,1
1,0,191.0,3.13,67,0,0,0,0,1
1,0,85.0,0.0,73,0,0,0,0,0
1,0,428.0,0.0,0,0,0,0,0,0
0,0,1.0,3.41,19,0,4,4,4,1
1,1,53.0,3.23,122,0,1,3,0,1
1,0,144.0,0.0,105,0,0,0,0,0
1,0,126.0,0.0,29,0,0,4,0,0
1,0,473.0,0.0,0,0,0,0,-1,0
0,0,85.0,0.0,69,0,0,0,0,0
0,1,50.0,3.27,60,0,4,2,0,1
1,0,85.0,0.0,0,2,4,2,3,0
0,0,7.0,0.0,0,2,2,0,0,0
1,0,169.0,0.0,24,2,0,0,3,0
1,1,43.0,3.32,74,0,0,4,2,1
1,0,17.0,0.0,0,4,4,0,0,0
1,0,368.0,3.27,68,0,0,0,0,1
1,0,197.0,0.0,0,3,0,0,0,0
1,0,104.0,0.0,0,0,0,0,0,0
1,0,215.0,0.0,0,1,0,2,2,0
1,0,342.0,0.0,3,3,4,-1,-1,0
1,0,78.0,3.34,67,0,0,0,0,1
0,0,3.0,3.95,68,0,0,0,0,1
1,0,85.0,0.0,0,0,0,0,0,0
1,0,122.0,0.0,0,-1,0,0,-1,0
0,0,18.0,3.78,22,0,0,4,4,1
0,0,281.0,0.0,0,2,3,4,2,0
1,0,346.0,0.0,0,0,0,0,0,0
1,0,250.0,0.0,9,4,0,0,0,0
1,0,3.0,0.0,0,-1,0,0,0,0
1,0,129.0,3.5,0,4,0,4,2,1
1,0,45.0,0.0,9,3,0,0,2,0
1,0,12.0,0.0,60,3,4,0,2,0
1,0,153.0,0.0,54,0,0,0,0,0
1,0,85.0,3.2,59,0,0,0,0,1
1,0,11.0,0.0,0,0,0,0,-1,0
1,0,36.0,0.0,0,4,4,3,4,0
1,0,65.0,3.16,26,0,3,3,3,1
1,0,177.0,3.42,0,3,3,4,3,1
1,0,85.0,0.0,0,4,4,2,2,0
1,0,125.0,3.65,3,2,2,4,4,1
1,0,151.0,0.0,0,2,4,-1,3,0
0,0,2.0,3.39,28,0,2,0,0,0
1,0,85.0,0.0,39,0,0,4,0,0
1,0,309.0,2.63,0,2,0,1,3,0
1,0,1.0,0.0,0,2,3,2,2,0
1,0,85.0,0.0,15,0,0,0,1,0
1,0,95.0,0.0,0,4,4,3,3,0
0,0,437.0,0.0,0,4,4,2,-1,0
1,1,38.0,0.0,56,0,-1,0,0,0
1,0,150.0,0.0,7,4,4,2,2,0
1,1,66.0,2.72,60,0,3,0,1,1
1,0,16.0,0.0,18,0,0,0,0,0
0,0,161.0,2.85,86,2,-1,-1,2,0
1,0,121.0,0.0,12,4,0,0,0,0
1,0,3.0,0.0,9,0,0,0,-1,0
1,0,39.0,0.0,0,0,0,0,0,0
1,0,3.0,0.0,80,0,3,3,0,0
1,0,85.0,3.43,108,0,0,0,0,1
1,0,102.0,3.61,76,0,0,0,0,1
1,0,85.0,3.61,55,0,0,3,0,1
1,1,7.0,0.0,70,0,0,0,0,0
1,0,241.0,2.78,44,3,2,4,0,1
0,0,5.0,4.0,27,4,4,4,4,1
1,0,85.0,3.43,78,0,0,0,0,1
1,0,106.0,0.0,0,4,4,2,2,0
0,0,11.0,3.95,0,4,4,4,4,1
0,0,58.0,0.0,33,0,0,0,0,0
0,0,82.0,0.0,59,3,2,3,3,0
1,0,238.0,0.0,0,0,0,0,0,0
1,0,28.0,0.0,62,0,3,0,0,0
0,0,200.0,3.45,68,0,0,0,0,1
1,0,131.0,3.67,85,0,0,0,0,1
1,0,85.0,0.0,73,0,0,0,0,0
1,0,85.0,0.0,47,0,0,4,0,0
1,0,214.0,3.13,0,2,2,3,2,1
1,0,16.0,3.73,0,0,0,4,0,1
0,0,110.0,2.68,80,0,0,0,0,1
1,0,20.0,0.0,47,3,2,4,2,0
1,0,85.0,0.0,0,0,0,0,0,0
1,0,85.0,0.0,42,0,0,0,0,0
1,0,248.0,0.0,0,0,0,0,0,0
1,0,542.0,0.0,0,0,0,0,0,0
1,0,165.0,0.0,15,3,3,0,-1,0
1,0,27.0,2.85,65,0,2,0,0,1
1,0,421.0,0.0,0,0,0,0,0,0
1,0,85.0,3.16,54,0,0,0,0,1
1,0,172.0,0.0,15,3,3,0,0,0
1,0,184.0,2.75,12,0,0,0,0,1
1,0,335.0,0.0,8,0,2,0,0,0
1,0,18.0,4.0,49,0,4,4,0,0
1,0,2.0,3.86,19,0,0,4,4,1
1,0,51.0,0.0,0,3,3,0,3,0
1,0,27.0,2.71,114,0,0,0,0,1
0,0,362.0,2.74,29,3,3,2,3,1
1,0,516.0,0.0,0,0,0,0,0,0
1,0,33.0,0.0,0,-1,0,0,0,0
1,0,85.0,3.17,104,0,0,2,0,1
1,1,92.0,0.0,30,0,0,0,0,0
1,0,36.0,0.0,12,4,4,0,4,0
1,0,344.0,0.0,0,0,0,0,0,0
1,0,332.0,0.0,0,0,0,0,-1,0
1,0,85.0,0.0,63,0,0,0,0,0
1,0,115.0,0.0,54,0,0,2,0,0
1,0,425.0,0.0,0,3,3,0,0,0
1,0,494.0,0.0,0,0,0,0,0,0
1,1,49.0,0.0,60,0,0,3,2,0
1,1,40.0,3.37,62,0,2,0,0,0
1,0,197.0,3.26,0,4,4,2,2,1
0,0,14.0,3.95,100,0,0,0,0,1
1,0,23.0,0.0,58,0,0,2,0,0
1,0,85.0,0.0,2,1,0,0,2,0
1,0,306.0,0.0,40,2,3,2,2,0
1,0,85.0,0.0,55,0,0,0,0,0
1,0,390.0,0.0,0,0,0,0,0,0
1,0,265.0,0.0,47,0,0,0,0,0
1,0,462.0,0.0,0,0,0,0,-1,0
1,0,209.0,0.0,0,0,0,0,0,0
1,0,1.0,2.92,49,3,3,3,3,1
1,0,247.0,0.0,0,0,0,0,0,0
1,0,143.0,0.0,0,3,4,4,2,0
1,0,505.0,0.0,72,0,0,0,0,0
0,0,6.0,0.0,6,4,4,4,4,0
1,1,9.0,0.0,68,0,4,1,4,0
1,0,1.0,3.74,28,4,3,3,3,1
0,0,85.0,3.95,73,0,0,0,0,1
1,0,6.0,0.0,64,0,0,0,4,0
1,0,14.0,0.0,0,4,4,0,0,0
1,0,77.0,0.0,55,-1,0,-1,0,0
1,0,79.0,0.0,64,0,0,0,0,0
1,0,85.0,3.53,68,0,0,0,0,1
1,0,85.0,0.0,77,0,4,0,0,0
1,0,9.0,2.91,56,0,0,0,0,1
1,0,144.0,2.62,0,2,3,2,3,1
1,0,39.0,3.17,0,3,3,0,0,1
1,0,10.0,0.0,0,0,0,0,0,0
0,0,85.0,0.0,0,4,4,3,3,0
1,1,96.0,3.04,61,0,0,0,0,1
1,0,223.0,2.96,0,2,4,4,2,1
1,0,23.0,0.0,0,4,3,4,4,0
0,0,15.0,0.0,32,2,0,4,0,0
1,0,38.0,0.0,0,0,0,0,-1,0
1,0,194.0,2.87,22,0,0,0,0,1
1,0,85.0,0.0,102,0,0,0,0,0
1,0,85.0,2.93,100,4,0,0,0,1
1,0,227.0,0.0,0,0,0,0,0,0
1,0,313.0,0.0,0,0,0,0,-1,0
1,0,30.0,0.0,0,0,0,0,1,0
0,0,25.0,3.33,65,0,0,1,0,1
1,1,21.0,0.0,66,0,0,0,0,0
1,0,235.0,0.0,21,4,0,0,4,0
0,0,85.0,2.81,56,3,3,2,2,1
1,0,64.0,0.0,0,0,0,0,0,0
1,0,15.0,3.56,18,3,4,4,3,0
1,0,311.0,0.0,0,0,0,0,0,0
1,0,157.0,0.0,0,0,0,0,0,0
1,0,84.0,0.0,25,0,0,0,0,0
1,0,190.0,0.0,64,0,0,0,0,0
1,0,285.0,2.99,15,3,3,3,3,1
1,0,19.0,0.0,61,0,0,3,4,0
1,0,311.0,0.0,8,-1,0,0,0,0
0,0,64.0,0.0,25,2,-1,1,0,0
1,0,7.0,3.42,28,4,2,4,2,1
1,0,14.0,0.0,19,4,3,0,2,0
1,0,85.0,3.67,101,0,0,0,0,1
1,0,621.0,3.19,0,0,0,0,0,0
1,0,29.0,2.78,37,2,2,4,3,1
1,0,113.0,0.0,0,0,0,0,0,0
1,0,357.0,0.0,0,0,0,0,0,0
1,0,85.0,0.0,33,0,0,4,0,0
1,0,19.0,3.01,0,3,0,0,3,1
1,1,45.0,3.7,73,0,0,0,0,1
1,0,43.0,3.44,40,4,2,3,3,1
1,0,45.0,3.01,0,3,0,0,3,1
1,0,133.0,0.0,0,3,4,3,3,0
0,0,2.0,3.43,40,0,0,2,3,1
1,0,615.0,0.0,0,0,0,0,0,0
0,0,23.0,0.0,0,0,0,0,0,0
1,0,23.0,3.38,71,0,-1,0,0,0
1,0,34.0,0.0,15,0,0,0,0,0
1,0,296.0,3.79,0,4,4,3,3,1
1,0,162.0,0.0,0,0,2,0,0,0
1,0,73.0,3.14,56,0,0,4,4,1
1,0,49.0,0.0,12,4,3,3,3,0
1,0,493.0,0.0,0,0,0,0,0,0
1,0,359.0,0.0,0,-1,0,0,0,0
1,0,499.0,0.0,0,-1,0,0,-1,0
1,0,168.0,0.0,0,0,0,0,0,0
1,0,19.0,0.0,60,2,4,4,4,0
1,0,85.0,2.68,78,0,2,0,0,1
1,0,111.0,3.5,6,3,4,4,3,1
1,0,7.0,3.76,61,0,0,3,0,1
1,0,477.0,0.0,57,-1,0,2,2,0
1,0,85.0,0.0,106,0,0,0,0,0
1,0,476.0,0.0,0,2,0,0,0,0
1,0,143.0,3.81,0,4,4,2,4,1
1,0,486.0,3.1,0,2,3,2,3,1
1,0,34.0,0.0,0,0,0,0,0,0
1,0,38.0,3.97,0,4,4,4,4,1
1,0,85.0,0.0,42,0,0,4,0,0
1,1,26.0,0.0,62,0,0,2,0,0
1,0,85.0,3.55,0,4,4,4,4,1
1,0,96.0,3.83,0,4,2,0,0,1
1,0,242.0,2.92,68,0,0,0,0,1
1,0,103.0,0.0,0,3,4,3,3,0
1,0,9.0,0.0,0,0,0,0,0,0
1,0,606.0,0.0,0,0,0,0,-1,0
1,0,129.0,0.0,70,0,0,2,0,0
1,0,12.0,3.87,61,0,0,0,0,1
1,0,85.0,3.43,69,0,0,0,0,1
1,0,637.0,0.0,0,3,0,0,0,0
1,0,85.0,0.0,0,4,4,4,4,0
1,0,125.0,0.0,0,0,0,0,0,0
1,0,641.0,0.0,12,0,0,0,-1,0
1,0,261.0,0.0,0,0,0,0,0,0
0,0,311.0,0.0,0,0,0,0,0,0
1,0,85.0,2.59,76,0,2,0,0,1
1,0,149.0,3.01,73,0,0,0,0,1
1,0,20.0,0.0,49,0,0,0,0,0
1,0,85.0,0.0,38,0,0,4,0,0
1,0,72.0,0.0,0,0,0,0,0,0
0,0,263.0,0.0,0,0,0,0,0,0
0,0,85.0,3.09,90,0,2,0,0,1
1,0,162.0,0.0,0,0,0,0,0,0
1,0,85.0,0.0,0,0,0,-1,-1,0
1,0,119.0,0.0,0,3,4,0,2,0
0,0,4.0,3.93,35,0,4,4,4,1
0,0,257.0,0.0,0,0,0,0,0,0
1,0,85.0,0.0,45,0,3,0,0,0
1,0,129.0,3.78,10,0,0,4,3,1
0,0,131.0,0.0,0,4,0,0,0,0
1,0,85.0,0.0,81,0,0,0,0,0
1,0,301.0,0.0,4,0,2,-1,-1,0
1,0,590.0,0.0,0,0,0,0,0,0
1,1,41.0,2.99,51,3,4,4,0,1
1,0,254.0,0.0,0,0,0,0,0,0
1,0,123.0,3.05,0,2,4,3,2,1
1,0,10.0,3.83,0,4,4,4,4,1
1,1,85.0,0.0,24,0,0,0,-1,0
1,0,25.0,0.0,80,0,0,0,0,0
1,0,57.0,0.0,50,0,0,0,0,0
1,0,85.0,2.87,81,0,0,0,0,1
1,0,62.0,3.58,83,0,0,0,0,1
1,0,275.0,0.0,0,3,4,3,2,0
1,0,76.0,3.5,25,0,4,4,4,0
1,0,55.0,0.0,108,0,0,0,0,0
0,0,9.0,3.16,108,0,0,0,0,1
1,0,85.0,3.0,62,0,0,0,0,1
1,0,313.0,0.0,0,0,0,0,0,0
1,0,52.0,0.0,0,3,0,0,0,0
1,0,133.0,0.0,0,2,2,-1,2,0
1,0,129.0,0.0,0,2,3,-1,3,0
1,0,85.0,0.0,95,0,0,0,0,0
1,0,7.0,0.0,6,0,0,0,0,0
1,0,105.0,0.0,0,0,0,0,0,0
1,0,12.0,3.0,0,4,-1,-1,0,0
1,0,87.0,3.72,69,0,0,3,0,1
1,0,85.0,3.66,18,2,4,0,2,1
1,0,27.0,0.0,0,4,0,3,3,0
1,0,83.0,0.0,0,3,4,3,3,0
0,1,31.0,3.73,60,0,4,3,0,1
1,0,85.0,0.0,0,1,0,0,2,0
1,1,93.0,0.0,69,0,-1,0,0,0
1,0,305.0,0.0,0,0,0,0,0,0
1,0,105.0,0.0,4,4,4,3,4,0
1,0,48.0,0.0,0,-1,0,4,0,0
1,0,85.0,0.0,38,0,2,2,0,0
1,0,39.0,3.53,12,0,0,0,0,0
0,0,23.0,3.51,26,0,0,0,0,1
1,0,335.0,0.0,0,0,0,0,0,0
1,0,85.0,0.0,44,0,0,0,0,0
0,0,1.0,3.69,4,0,4,4,4,1
1,0,194.0,0.0,0,0,0,0,2,0
1,0,221.0,0.0,0,0,0,0,0,0
1,1,88.0,0.0,44,0,0,0,0,0
1,0,47.0,3.41,79,0,0,0,0,1
1,0,85.0,0.0,0,0,0,0,0,0
1,0,25.0,3.2,0,4,3,2,3,1
1,0,6.0,3.57,51,4,4,4,4,1
1,0,436.0,0.0,38,0,0,0,0,0
0,0,32.0,0.0,29,4,4,2,2,0
1,0,167.0,0.0,0,0,0,0,0,0
1,0,71.0,0.0,0,4,0,0,4,0
1,0,281.0,0.0,0,4,0,0,0,0
1,0,46.0,0.0,64,0,0,0,0,0
1,0,85.0,0.0,0,0,0,0,0,0
1,0,20.0,0.0,13,0,3,3,3,0
1,0,85.0,3.16,25,0,0,4,0,1
1,0,9.0,3.32,18,4,3,2,3,1
1,1,28.0,3.57,58,0,0,0,0,1
0,0,29.0,0.0,48,3,4,-1,0,0
1,0,85.0,0.0,61,0,0,0,0,0
1,0,34.0,3.87,68,0,0,0,0,1
1,0,115.0,3.19,0,4,4,0,2,1
1,0,430.0,0.0,0,2,2,0,1,0
1,0,85.0,3.78,71,0,0,0,0,1
1,0,275.0,3.01,43,0,0,0,0,1
0,0,85.0,0.0,57,0,0,0,0,0
1,0,467.0,0.0,0,0,0,0,-1,0
1,0,451.0,0.0,0,2,3,0,0,0
0,0,21.0,3.52,21,3,3,4,3,1
0,0,242.0,0.0,0,4,4,4,4,0
1,0,85.0,0.0,0,4,4,4,4,0
1,0,85.0,0.0,62,0,0,0,0,0
1,0,85.0,0.0,57,0,0,2,0,0
1,1,48.0,3.52,57,2,4,2,3,1
1,0,33.0,3.69,58,0,0,2,4,1
1,0,179.0,3.38,32,4,4,4,0,1
1,0,72.0,3.53,113,4,0,0,0,1
1,0,85.0,0.0,23,0,0,0,0,0
1,0,258.0,0.0,0,0,0,0,0,0
1,0,297.0,3.46,12,4,0,3,2,1
1,0,351.0,3.32,0,2,4,3,3,1
1,0,85.0,0.0,0,0,0,0,0,0
0,0,54.0,0.0,71,0,0,0,0,0
0,0,245.0,0.0,55,3,0,0,0,0
0,0,188.0,2.86,87,0,0,0,0,1
1,0,85.0,0.0,65,-1,0,0,0,0
1,1,12.0,3.58,62,0,0,0,4,0
1,0,293.0,0.0,0,-1,0,0,0,0
1,0,54.0,0.0,88,3,4,3,4,0
0,0,160.0,0.0,0,2,3,-1,2,0
0,0,85.0,3.4,32,4,0,2,3,1
1,0,85.0,3.04,0,3,3,3,3,1
1,0,367.0,0.0,0,4,4,0,0,0
1,0,151.0,0.0,44,0,4,0,0,0
0,0,6.0,0.0,15,4,4,4,4,0
1,0,275.0,0.0,34,3,4,0,0,0
1,0,125.0,0.0,0,4,4,0,0,0
1,0,65.0,0.0,31,3,-1,-1,2,0
1,0,133.0,0.0,6,4,0,0,2,0
1,0,85.0,0.0,29,0,3,3,0,0
1,0,12.0,0.0,48,4,0,0,3,0
0,0,215.0,0.0,46,4,4,0,0,0
1,0,288.0,3.37,0,3,3,3,2,1
0,0,85.0,3.43,80,0,0,0,0,1
1,0,308.0,0.0,0,4,4,2,4,0
1,0,335.0,0.0,67,0,4,0,0,0
1,0,37.0,3.58,73,0,4,3,0,1
1,0,85.0,2.97,0,4,4,4,0,1
1,0,408.0,0.0,0,3,3,0,2,0
1,0,47.0,0.0,7,0,0,4,4,0
1,0,255.0,0.0,0,0,0,0,0,0
1,0,85.0,3.88,68,0,0,0,0,1
1,0,9.0,0.0,53,0,0,0,0,0
1,0,98.0,0.0,15,0,0,0,0,0
1,0,85.0,3.81,124,0,0,0,0,0
1,0,4.0,0.0,16,4,4,4,4,0
1,0,19.0,3.17,44,0,0,2,4,1
1,0,362.0,0.0,0,2,3,2,3,0
1,0,233.0,0.0,4,0,4,2,2,0
1,0,85.0,0.0,0,4,2,4,4,0
0,0,283.0,0.0,15,2,3,-1,-1,0
1,0,189.0,0.0,0,0,0,0,0,0
0,0,25.0,0.0,7,4,-1,0,-1,0
1,0,72.0,3.73,40,4,4,3,2,1
0,0,66.0,0.0,24,4,4,3,3,0
0,0,47.0,0.0,62,0,0,0,0,0
1,0,188.0,0.0,0,2,-1,0,0,0
0,0,21.0,3.12,21,0,0,0,0,0
1,0,121.0,0.0,0,4,4,2,4,0
1,0,14.0,0.0,58,0,4,0,4,0
1,0,85.0,2.35,73,0,0,0,0,1
1,0,630.0,0.0,0,0,0,0,0,0
1,0,111.0,3.77,31,0,0,2,4,1
1,0,252.0,3.35,66,0,0,0,0,1
1,0,160.0,0.0,0,3,0,0,0,0
1,0,225.0,3.33,6,2,-1,2,2,0
1,0,33.0,0.0,6,2,2,2,2,0
1,0,306.0,2.43,70,0,0,0,0,1
1,0,692.0,0.0,70,0,0,0,0,0
1,0,85.0,0.0,0,0,0,0,0,0
1,0,85.0,3.1,19,0,0,4,0,1
1,1,116.0,3.03,55,0,4,2,0,1
1,0,391.0,0.0,0,0,0,0,0,0
1,0,198.0,3.25,77,0,0,0,0,1
1,0,85.0,0.0,30,0,-1,4,0,0
1,0,271.0,0.0,0,4,3,4,4,0
1,0,61.0,0.0,0,4,0,0,3,0
1,0,85.0,0.0,0,0,0,0,0,0
0,0,51.0,0.0,0,2,0,0,0,0
1,0,145.0,0.0,0,0,0,0,0,0
1,0,364.0,0.0,0,3,0,0,3,0
1,0,241.0,0.0,0,3,0,0,1,0
1,0,272.0,0.0,74,0,0,0,0,0
1,0,85.0,0.0,38,0,0,3,0,0
1,0,143.0,0.0,0,4,4,3,3,0
1,0,53.0,3.98,67,0,0,4,0,1
1,0,85.0,0.0,0,0,0,0,0,0
1,0,85.0,3.0,0,3,2,2,1,0
1,0,211.0,0.0,0,0,0,0,0,0
0,0,308.0,0.0,43,0,0,0,-1,0
0,0,13.0,0.0,0,4,4,3,3,0
1,0,85.0,0.0,59,0,0,0,0,0
1,0,85.0,3.48,68,0,0,0,0,1
1,0,85.0,3.97,36,0,0,0,0,1
1,0,85.0,0.0,82,0,0,0,0,0
1,0,85.0,0.0,0,0,0,0,0,0
1,0,317.0,0.0,0,0,0,0,0,0
0,0,92.0,0.0,62,0,0,0,0,0
1,0,56.0,0.0,18,3,4,0,2,0
1,0,85.0,0.0,30,0,0,4,0,0
1,0,58.0,0.0,0,2,2,0,0,0
0,0,163.0,3.48,36,4,4,3,4,1
1,0,51.0,0.0,0,4,0,0,4,0
1,0,478.0,0.0,0,0,0,0,0,0
1,0,192.0,3.04,67,0,0,0,0,1
1,0,176.0,0.0,65,0,0,0,0,0
1,0,241.0,0.0,0,0,0,0,0,0
1,0,101.0,2.95,65,0,0,0,0,1
1,0,133.0,3.45,97,0,0,0,0,1
1,0,85.0,0.0,44,0,0,0,0,0
1,0,16.0,0.0,15,4,4,-1,-1,0
1,0,5.0,3.44,19,0,4,3,4,1
0,0,85.0,2.92,58,0,0,0,0,0
0,0,85.0,3.1,130,0,0,0,0,1
1,0,85.0,2.72,43,4,4,4,0,1
1,0,283.0,0.0,5,3,4,0,0,0
1,0,227.0,3.29,0,4,4,0,0,1
1,0,92.0,3.48,15,3,4,4,2,1
1,0,85.0,0.0,71,0,0,0,0,0
1,0,85.0,2.67,77,0,0,0,0,1
1,0,3.0,3.78,38,0,0,4,4,1
0,0,25.0,0.0,67,0,0,0,0,0
1,0,284.0,0.0,64,0,0,0,0,0
1,0,53.0,0.0,37,4,0,0,-1,0
1,0,4.0,3.84,61,0,3,4,4,1
1,0,213.0,0.0,59,0,0,0,0,0
1,0,102.0,0.0,0,4,4,4,4,0
1,0,85.0,3.22,19,0,0,0,0,1
1,0,85.0,3.62,43,0,4,4,4,1
1,0,85.0,0.0,68,0,0,0,0,0
1,0,192.0,0.0,3,-1,0,0,3,0
1,0,529.0,0.0,71,0,0,0,0,0
1,0,155.0,0.0,0,0,0,0,0,0
0,0,1.0,0.0,0,0,0,0,0,0
1,0,51.0,0.0,18,-1,0,0,0,0
1,0,245.0,0.0,0,0,0,0,0,0
1,0,15.0,0.0,32,0,4,3,3,0
1,0,85.0,3.2,59,3,2,4,0,1
1,0,165.0,0.0,74,0,0,0,0,0
1,0,302.0,0.0,0,4,4,3,3,0
0,1,6.0,0.0,70,0,4,0,0,0
1,0,155.0,0.0,0,4,4,1,2,0
1,0,90.0,0.0,60,3,3,0,0,0
0,0,85.0,3.52,80,0,0,0,0,1
1,0,144.0,0.0,16,4,0,0,0,0
0,0,3.0,3.71,9,4,3,4,4,1
1,0,134.0,4.0,0,4,4,0,0,1
1,0,107.0,3.86,0,4,4,4,4,1
1,0,253.0,0.0,67,0,0,0,0,0
1,0,32.0,0.0,0,1,0,-1,-1,0
1,0,35.0,0.0,0,4,4,0,0,0
1,0,63.0,3.86,7,0,0,2,4,1
1,0,26.0,0.0,0,3,0,0,0,0
1,0,156.0,0.0,0,0,0,0,0,0
1,0,400.0,0.0,0,0,0,0,1,0
1,0,85.0,2.6,58,0,0,0,1,1
1,0,85.0,0.0,197,0,0,0,0,0
0,1,8.0,3.76,61,0,0,0,0,1
1,0,23.0,0.0,18,0,0,0,0,0
1,0,89.0,3.79,0,4,2,2,2,1
0,0,4.0,3.72,36,4,4,0,3,1
1,0,180.0,3.61,64,0,0,0,0,1
0,1,82.0,0.0,69,2,-1,3,3,0
1,0,85.0,0.0,0,0,0,0,-1,0
1,0,187.0,0.0,18,2,0,-1,-1,0
0,0,85.0,0.0,60,3,-1,0,0,0
1,0,85.0,0.0,0,0,0,0,0,0
1,0,194.0,3.06,85,0,0,0,0,1
1,1,84.0,0.0,75,3,2,0,3,0
1,0,264.0,0.0,0,0,0,0,0,0
1,0,142.0,0.0,87,0,0,0,0,0
1,0,68.0,3.3,3,3,3,3,3,1
1,0,408.0,0.0,0,4,3,2,2,0
0,0,85.0,0.0,33,0,4,4,0,0
1,0,151.0,0.0,63,0,3,3,2,0
1,0,59.0,3.69,90,0,0,0,0,1
1,0,167.0,0.0,38,3,0,0,-1,0
1,0,85.0,3.82,80,0,0,0,0,1
1,0,316.0,0.0,0,0,0,0,0,0
1,1,67.0,3.48,61,0,-1,0,0,0
1,0,19.0,0.0,67,0,0,-1,4,0
1,0,65.0,3.25,9,2,4,2,4,1
0,0,85.0,0.0,51,0,0,0,0,0
1,0,85.0,0.0,0,4,4,4,3,0
1,0,262.0,0.0,0,4,4,4,4,0
1,0,61.0,2.93,67,0,0,0,3,1
1,0,27.0,3.94,40,4,4,4,0,1
1,0,217.0,2.9,17,0,4,2,2,1
1,0,25.0,0.0,0,3,2,0,1,0
1,0,4.0,0.0,26,3,4,2,4,0
1,0,85.0,0.0,0,4,4,4,4,0
1,0,21.0,0.0,28,0,4,3,0,0
1,0,19.0,0.0,0,0,0,0,0,0
1,0,28.0,0.0,39,4,3,0,0,0
1,0,85.0,0.0,91,0,0,0,0,0
1,0,25.0,0.0,15,4,4,3,3,0
0,0,1.0,3.73,21,4,4,3,3,1
1,0,85.0,0.0,0,0,0,0,0,0
1,0,91.0,0.0,0,2,0,-1,-1,0
1,0,51.0,3.45,67,0,0,0,0,1
1,0,7.0,3.74,44,4,4,4,4,1
1,0,296.0,0.0,50,3,-1,-1,0,0
1,0,53.0,2.79,18,3,2,2,3,1
0,0,85.0,0.0,11,0,0,0,0,0
0,0,194.0,0.0,0,0,0,0,0,0
0,0,165.0,0.0,0,4,4,2,4,0
1,0,94.0,0.0,15,0,0,0,0,0
1,0,273.0,3.18,0,4,3,3,2,1
1,0,27.0,0.0,19,0,0,0,-1,0
1,0,55.0,0.0,40,0,4,3,3,0
1,0,259.0,0.0,9,0,0,0,0,0
1,0,32.0,0.0,31,0,3,0,0,0
1,0,529.0,0.0,35,0,0,0,0,0
1,0,267.0,2.86,71,0,0,0,0,1
1,0,456.0,0.0,0,3,0,2,2,0
1,0,161.0,0.0,0,0,0,0,-1,0
1,0,65.0,0.0,71,0,0,0,0,0
1,0,85.0,0.0,0,-1,0,-1,2,0
0,0,24.0,3.31,65,0,0,0,0,1
0,0,85.0,0.0,0,4,4,3,3,0
1,0,466.0,0.0,0,3,2,2,2,0
1,0,275.0,0.0,39,0,0,0,0,0
1,0,85.0,3.07,0,0,0,0,0,0
1,0,85.0,0.0,58,4,0,4,4,0
0,0,85.0,3.97,24,4,4,4,4,1
1,0,177.0,0.0,0,-1,0,0,0,0
1,0,85.0,2.76,49,0,0,0,0,1
1,0,85.0,0.0,0,0,0,0,0,0
1,0,85.0,3.08,56,0,0,4,0,1
1,0,331.0,0.0,0,0,0,0,0,0
1,0,117.0,0.0,0,0,0,0,0,0
1,0,174.0,0.0,0,2,0,2,2,0
1,0,137.0,0.0,0,4,0,0,0,0
0,0,13.0,0.0,54,4,4,0,3,0
1,0,199.0,3.81,97,0,0,0,0,1
1,0,30.0,0.0,22,0,0,0,0,0
1,0,267.0,3.48,51,0,0,4,0,1
1,0,35.0,0.0,99,3,0,0,0,0
1,0,282.0,0.0,12,0,0,0,0,0
1,0,196.0,3.75,18,0,0,0,0,1
1,0,161.0,0.0,0,0,0,0,0,0
1,0,85.0,0.0,68,0,0,4,0,0
0,0,112.0,0.0,0,0,0,0,0,0
0,0,243.0,0.0,75,2,4,-1,-1,0
1,0,596.0,0.0,0,0,0,0,0,0
1,0,136.0,0.0,35,4,4,0,4,0
1,0,699.0,0.0,0,0,0,0,0,0
1,0,84.0,0.0,60,3,3,2,2,0
1,0,286.0,3.35,50,0,0,0,0,1
1,0,85.0,3.24,64,0,0,0,0,0
1,0,108.0,0.0,14,0,4,4,0,0
0,0,15.0,3.25,23,2,4,3,0,1
1,0,28.0,0.0,7,0,0,0,0,0
0,0,85.0,3.7,0,4,4,3,4,1
1,0,85.0,3.29,68,0,0,0,0,0
1,0,24.0,3.94,13,0,0,4,4,1
1,1,10.0,3.72,60,0,0,0,0,1
1,0,85.0,2.83,50,0,4,0,2,1
1,0,383.0,0.0,0,-1,0,0,0,0
1,0,135.0,3.82,0,4,4,4,4,1
1,0,28.0,3.12,76,0,0,2,0,1
1,0,61.0,3.89,74,0,0,0,0,1
1,1,8.0,4.0,74,0,0,4,0,1
1,0,85.0,0.0,61,4,4,4,4,0
1,0,111.0,0.0,0,4,4,4,4,0
0,0,58.0,0.0,11,0,4,0,0,0
1,0,10.0,0.0,85,0,4,0,0,0
1,0,7.0,3.74,0,3,4,3,4,1
1,0,85.0,2.93,26,0,4,4,0,1
1,0,270.0,0.0,0,4,4,3,3,0
1,0,85.0,0.0,5,0,0,-1,-1,0
0,0,73.0,0.0,18,3,2,4,4,0
1,0,88.0,0.0,42,0,4,4,0,0
1,0,85.0,0.0,51,0,0,0,0,0
1,0,85.0,0.0,0,2,2,0,2,0
1,0,71.0,3.09,16,2,4,2,2,1
1,0,251.0,0.0,0,0,0,0,0,0
0,0,5.0,0.0,0,2,3,-1,2,0
1,0,582.0,0.0,0,-1,0,0,0,0
1,0,382.0,0.0,0,0,0,0,0,0
1,0,20.0,0.0,15,4,0,4,4,0
1,0,85.0,3.42,114,0,0,0,0,1
0,0,326.0,0.0,0,0,0,0,0,0
1,0,104.0,0.0,0,2,2,2,2,0
1,0,465.0,0.0,0,0,0,0,0,0
1,0,85.0,0.0,10,0,0,0,0,0
0,0,128.0,0.0,0,3,0,0,1,0
1,0,1.0,3.72,34,0,4,4,4,1
1,0,59.0,0.0,4,0,0,0,-1,0
1,0,241.0,0.0,73,0,0,0,0,0
1,0,85.0,0.0,54,0,0,0,0,0
1,0,85.0,0.0,29,0,0,2,-1,0
0,0,7.0,0.0,43,3,4,3,3,0
1,0,7.0,3.36,76,4,4,3,3,1
1,1,54.0,3.35,80,0,0,4,3,1
0,0,162.0,0.0,6,3,3,2,4,0
1,0,67.0,3.76,0,4,4,3,4,1
1,0,85.0,3.86,0,4,3,4,4,1
0,0,200.0,0.0,0,3,0,0,0,0
1,0,85.0,0.0,58,0,3,4,0,0
1,0,83.0,0.0,0,4,0,0,2,0
1,1,32.0,0.0,78,0,0,4,2,0
1,0,115.0,0.0,0,1,0,-1,-1,0
1,0,73.0,0.0,39,4,2,2,3,0
1,0,85.0,3.5,98,0,0,2,0,1
1,0,40.0,3.04,81,0,0,0,0,1
1,0,116.0,0.0,0,0,0,0,3,0
1,0,64.0,0.0,8,0,0,0,0,0
1,0,11.0,0.0,0,4,0,0,0,0
1,1,58.0,0.0,110,0,0,0,0,0
1,0,319.0,0.0,6,0,0,0,0,0
1,0,134.0,0.0,0,-1,0,0,3,0
1,0,9.0,0.0,9,2,3,2,2,0
1,0,85.0,0.0,39,0,0,0,-1,0
0,0,37.0,0.0,3,0,0,0,0,0
1,0,220.0,0.0,70,0,0,0,0,0
1,0,54.0,3.64,69,0,0,0,0,1
1,0,287.0,0.0,0,0,0,0,0,0
1,0,61.0,3.67,22,0,0,0,0,0
1,0,85.0,0.0,54,0,4,0,0,0
1,0,342.0,0.0,0,0,0,0,-1,0
0,0,46.0,3.6,0,4,2,3,4,1
1,0,30.0,0.0,60,0,0,0,0,0
1,0,85.0,0.0,24,0,4,4,0,0
1,0,46.0,0.0,60,3,4,3,3,0
1,0,167.0,3.38,29,0,0,0,0,1
0,0,56.0,0.0,36,4,4,3,4,0
0,0,152.0,3.46,19,0,0,0,0,1
1,0,36.0,0.0,69,0,3,0,0,0
1,0,125.0,0.0,0,0,0,0,2,0
1,0,11.0,0.0,0,0,0,0,1,0
1,0,238.0,0.0,0,0,0,0,-1,0
1,0,387.0,0.0,0,0,0,0,0,0
1,0,85.0,0.0,97,0,0,4,0,0
0,0,85.0,0.0,0,4,4,2,2,0
1,0,85.0,2.85,56,4,0,0,0,1
1,0,85.0,0.0,62,0,1,-1,0,0
1,0,7.0,3.73,64,0,4,4,3,1
1,0,139.0,2.88,21,3,3,2,2,1
1,1,70.0,0.0,56,0,0,0,0,0
1,0,26.0,0.0,73,0,0,4,3,0
1,0,22.0,0.0,0,0,0,0,0,0
0,0,7.0,3.54,65,0,0,0,0,1
1,0,85.0,0.0,61,0,0,0,0,0
1,0,85.0,0.0,57,0,0,0,0,0
1,0,85.0,3.31,66,0,0,4,0,1
1,0,68.0,0.0,31,0,0,0,0,0
1,0,285.0,0.0,0,-1,0,0,-1,0
1,0,85.0,0.0,0,4,4,2,2,0
1,0,85.0,0.0,0,0,0,0,0,0
1,0,20.0,0.0,87,0,0,0,0,0
1,0,186.0,0.0,0,4,4,3,1,0
0,0,40.0,0.0,0,4,0,0,0,0
1,0,85.0,0.0,62,0,0,3,0,0
0,0,329.0,0.0,0,2,1,0,1,0
1,0,41.0,0.0,22,2,0,0,0,0
1,0,478.0,0.0,0,0,0,0,0,0
1,0,85.0,0.0,0,0,0,0,0,0
1,0,146.0,0.0,0,0,0,0,0,0
1,0,211.0,0.0,33,-1,0,0,-1,0
1,0,127.0,0.0,0,3,0,0,3,0
1,0,234.0,0.0,0,0,0,0,0,0
1,0,368.0,0.0,0,4,4,0,0,0
0,0,193.0,0.0,0,3,2,0,-1,0
1,0,24.0,0.0,63,0,0,0,0,0
1,0,21.0,0.0,55,4,4,0,2,0
0,0,85.0,3.4,71,0,0,0,0,1
1,0,174.0,0.0,58,0,0,2,0,0
1,0,533.0,0.0,0,0,0,0,0,0
1,0,16.0,3.57,26,4,4,4,4,1
0,0,85.0,0.0,0,0,0,0,0,0
1,0,3.0,3.94,25,4,4,4,0,1
0,0,28.0,0.0,34,0,0,0,0,0
1,0,83.0,3.75,0,4,4,4,4,1
1,0,15.0,3.77,0,4,4,4,4,1
1,0,544.0,0.0,0,3,0,0,2,0
1,0,85.0,0.0,0,0,0,0,0,0
1,0,22.0,3.45,54,0,0,4,0,1
0,0,41.0,0.0,22,2,2,2,1,0
1,0,6.0,3.25,9,4,3,4,3,0
0,0,74.0,0.0,6,4,3,0,0,0
1,0,175.0,3.04,0,2,3,4,3,1
1,0,85.0,2.87,126,0,0,0,0,1
1,0,219.0,0.0,18,3,0,0,2,0
1,0,112.0,0.0,0,4,4,0,0,0
1,1,52.0,2.98,60,0,0,0,0,1
1,0,141.0,0.0,64,0,0,0,0,0
0,0,68.0,0.0,130,0,0,0,0,0
0,0,23.0,3.75,22,3,4,4,4,1
0,1,3.0,3.96,60,0,0,0,0,1
0,0,1.0,3.76,25,4,4,4,4,1
1,0,85.0,0.0,0,0,0,0,0,0
1,1,27.0,3.16,66,4,2,4,4,1
1,0,129.0,0.0,65,0,0,0,0,0
0,0,272.0,0.0,0,4,0,0,1,0
1,0,85.0,0.0,87,0,0,3,0,0
1,0,85.0,3.01,98,0,0,4,0,1
1,0,184.0,0.0,3,4,0,0,0,0
1,0,34.0,0.0,0,0,0,0,0,0
1,0,24.0,0.0,0,0,0,0,0,0
1,0,38.0,2.9,7,0,0,4,4,1
1,0,85.0,3.28,48,0,0,0,0,0
0,0,5.0,0.0,0,3,4,1,3,0
1,0,67.0,3.34,20,0,0,4,0,1
1,0,274.0,0.0,0,3,3,2,2,0
1,0,321.0,0.0,34,0,0,0,0,0
0,0,85.0,0.0,0,3,0,0,0,0
0,0,212.0,0.0,0,3,3,-1,-1,0
1,0,407.0,0.0,0,-1,0,0,0,0
1,0,292.0,0.0,0,0,0,0,0,0
1,0,373.0,0.0,74,2,-1,-1,2,0
1,0,206.0,0.0,0,4,3,0,4,0
1,0,83.0,3.9,12,0,0,0,0,1
1,0,11.0,0.0,35,0,-1,0,0,0
1,0,85.0,0.0,34,0,3,4,0,0
1,0,172.0,0.0,38,0,0,-1,0,0
0,0,51.0,0.0,81,0,0,0,0,0
0,0,85.0,0.0,46,0,0,0,0,0
0,0,123.0,3.73,0,4,2,0,3,1
1,0,62.0,0.0,0,3,3,3,4,0
1,0,85.0,0.0,6,4,-1,0,0,0
1,0,38.0,0.0,0,0,0,0,0,0
0,0,14.0,0.0,0,4,4,3,3,0
1,0,85.0,0.0,0,0,0,0,0,0
1,0,300.0,2.31,60,0,0,0,0,1
1,0,18.0,0.0,98,0,0,0,0,0
0,0,14.0,4.0,0,4,4,4,4,1
1,0,85.0,3.35,85,0,0,0,0,1
1,0,58.0,3.56,0,3,4,4,4,1
0,0,268.0,3.91,62,0,3,4,0,1
1,1,88.0,0.0,53,0,3,2,0,0
1,0,56.0,0.0,28,4,3,-1,3,0
0,0,35.0,0.0,122,0,0,0,0,0
1,0,13.0,0.0,0,0,0,0,0,0
1,0,85.0,0.0,13,2,2,-1,2,0
1,0,458.0,0.0,0,-1,0,0,2,0
1,0,26.0,0.0,31,0,3,0,3,0
0,0,85.0,0.0,0,4,4,4,3,0
0,0,50.0,0.0,0,0,0,0,0,0
1,1,2.0,0.0,120,4,0,3,3,0
1,0,85.0,0.0,66,0,0,0,0,0
1,0,320.0,0.0,0,4,0,0,0,0
1,0,514.0,0.0,0,0,0,0,0,0
1,0,11.0,0.0,43,3,3,1,2,0
1,0,26.0,3.75,22,0,0,4,3,1
1,1,7.0,0.0,61,0,4,0,0,0
1,0,19.0,0.0,79,0,3,4,0,0
1,0,211.0,0.0,0,4,4,4,2,0
0,1,56.0,0.0,62,0,0,0,0,0
0,0,85.0,0.0,15,0,0,0,0,0
1,0,85.0,3.08,67,0,0,0,0,1
1,0,95.0,0.0,0,0,0,0,0,0
1,0,85.0,3.14,64,0,0,0,0,1
1,0,265.0,0.0,36,0,0,0,0,0
1,0,85.0,3.32,30,0,0,4,0,1
1,0,110.0,0.0,0,0,0,0,0,0
0,0,85.0,0.0,26,0,4,0,0,0
1,0,185.0,0.0,0,4,0,0,0,0
1,0,48.0,0.0,0,2,-1,0,0,0
1,0,124.0,0.0,0,0,0,0,-1,0
1,0,171.0,0.0,0,0,0,0,0,0
1,0,85.0,0.0,55,0,0,-1,0,0
1,0,205.0,0.0,63,0,0,0,0,0
1,0,334.0,0.0,0,3,-1,0,-1,0
1,0,85.0,0.0,2,4,4,2,3,0
0,0,98.0,3.49,12,3,3,4,2,1
1,0,37.0,0.0,0,4,3,2,2,0
0,0,3.0,3.8,63,0,0,0,0,1
1,0,37.0,0.0,50,4,4,2,4,0
1,0,6.0,0.0,13,4,0,0,4,0
0,1,16.0,3.45,60,0,2,3,0,1
0,0,248.0,0.0,0,4,2,-1,3,0
1,0,58.0,0.0,19,0,0,4,4,0
1,0,10.0,0.0,44,0,4,4,4,0
1,0,187.0,2.95,88,0,0,0,0,1
1,0,342.0,0.0,0,2,-1,4,2,0
1,0,85.0,0.0,54,0,0,0,0,0
0,0,85.0,0.0,70,0,0,0,0,0
1,0,85.0,0.0,0,0,0,0,0,0
1,0,85.0,0.0,30,2,2,-1,2,0
1,0,85.0,2.89,0,0,0,2,0,1
1,0,85.0,0.0,0,3,-1,0,0,0
1,0,104.0,0.0,7,0,0,0,0,0
1,0,229.0,0.0,3,0,0,1,1,0
1,0,37.0,0.0,3,0,0,0,0,0
1,0,294.0,0.0,6,4,3,4,2,0
1,0,408.0,0.0,0,1,0,-1,-1,0
1,1,85.0,0.0,46,0,3,2,0,0
1,0,134.0,0.0,0,0,0,0,0,0
1,0,85.0,0.0,83,0,0,0,0,0
0,0,85.0,0.0,65,0,0,0,0,0
1,0,85.0,0.0,0,0,0,0,0,0
1,0,7.0,3.48,81,0,0,0,0,0
0,0,21.0,3.81,22,4,4,4,3,1
1,0,118.0,0.0,66,0,0,0,0,0
1,0,73.0,0.0,0,3,3,0,0,0
0,0,22.0,3.57,42,3,3,4,0,0
1,0,473.0,0.0,0,0,0,0,-1,0
1,0,18.0,2.77,0,4,2,1,3,0
1,1,85.0,0.0,68,0,0,0,0,0
1,0,267.0,3.4,6,4,3,3,3,1
0,0,24.0,3.44,0,4,0,0,0,1
0,0,186.0,0.0,0,0,0,0,1,0
1,0,85.0,3.45,37,3,4,2,4,1
1,0,323.0,3.19,77,0,0,0,0,1
1,0,13.0,3.81,17,0,0,0,0,1
1,0,61.0,3.43,6,3,3,2,2,1
1,0,137.0,2.98,0,0,0,0,0,0
1,0,85.0,0.0,3,3,3,2,2,0
1,0,579.0,0.0,0,2,3,3,2,0
0,0,36.0,0.0,48,0,0,-1,0,0
1,0,85.0,0.0,23,-1,0,0,3,0
0,0,85.0,0.0,64,0,0,0,0,0
1,0,85.0,3.05,47,0,0,0,0,1
1,0,2.0,4.0,41,0,4,4,4,1
1,0,85.0,0.0,4,0,4,0,3,0
1,0,207.0,0.0,0,0,0,0,0,0
0,0,16.0,0.0,60,0,4,0,2,0
1,0,85.0,0.0,67,0,0,0,0,0
1,1,94.0,0.0,105,0,0,0,0,0
1,0,502.0,0.0,6,-1,0,0,0,0
1,0,517.0,0.0,0,2,4,0,3,0
1,0,61.0,3.66,84,0,0,0,0,1
1,0,85.0,0.0,45,0,0,0,0,0
0,0,96.0,0.0,9,4,2,2,2,0
1,0,163.0,0.0,0,3,0,0,3,0
1,0,97.0,2.59,122,0,0,0,0,1
1,0,85.0,2.67,49,0,0,4,0,1
1,0,266.0,0.0,0,2,0,0,0,0
1,0,183.0,3.47,39,4,4,4,2,1
1,0,85.0,4.0,82,0,0,0,0,1
1,0,85.0,0.0,57,0,0,-1,0,0
0,0,112.0,0.0,0,0,0,0,0,0
1,0,14.0,0.0,0,0,0,0,0,0
1,0,52.0,0.0,0,4,4,4,4,0
1,0,85.0,0.0,0,2,0,0,3,0
1,0,46.0,0.0,0,3,0,0,1,0
1,0,211.0,0.0,62,0,0,3,4,0
0,0,135.0,3.57,3,4,4,2,3,1
1,0,145.0,0.0,51,0,0,1,0,0
1,0,401.0,0.0,0,0,0,0,0,0
1,0,85.0,3.39,63,0,0,0,0,1
1,0,60.0,0.0,46,4,4,4,4,0
1,0,210.0,3.23,67,0,0,0,0,1
1,0,248.0,3.09,0,4,4,2,3,1
1,0,85.0,0.0,29,0,-1,0,0,0
1,0,85.0,2.95,25,0,4,4,4,1
1,0,396.0,0.0,9,0,0,0,0,0
1,0,1.0,3.63,35,4,3,3,4,1
1,0,15.0,0.0,31,3,4,3,3,0
0,0,134.0,0.0,0,-1,0,0,0,0
1,0,85.0,0.0,0,0,0,0,0,0
1,0,85.0,2.93,112,4,0,0,0,1
1,0,195.0,0.0,0,2,3,0,2,0
0,0,135.0,2.36,67,0,0,0,0,1
1,0,268.0,0.0,0,0,0,0,-1,0
1,0,196.0,0.0,66,0,0,0,0,0
1,0,16.0,0.0,26,0,1,0,0,0
1,0,494.0,0.0,30,0,0,0,0,0
1,1,24.0,0.0,129,0,3,4,4,0
1,0,85.0,3.55,0,0,0,0,0,1
1,0,85.0,2.93,52,0,0,0,0,1
1,0,152.0,0.0,0,3,3,2,1,0
1,0,47.0,0.0,0,0,0,0,0,0
0,0,85.0,0.0,60,2,4,2,0,0
1,0,99.0,2.92,0,2,0,0,0,0
1,0,45.0,3.91,0,4,2,4,4,1
1,0,85.0,0.0,0,0,0,0,0,0
1,0,19.0,0.0,18,4,0,0,3,0
1,0,141.0,3.6,28,4,4,3,4,1
1,0,196.0,0.0,61,0,0,2,0,0
1,1,49.0,3.1,60,0,4,3,0,1
1,0,85.0,0.0,0,0,0,0,0,0
1,1,70.0,3.28,60,0,0,0,0,1
1,0,215.0,0.0,64,0,0,0,0,0
0,0,249.0,3.07,74,0,0,0,0,1
0,0,119.0,3.63,43,4,4,4,3,1
1,0,6.0,0.0,20,0,0,0,0,0
1,0,85.0,3.11,18,0,0,0,0,1
1,0,28.0,2.92,0,3,2,4,3,1
1,0,176.0,0.0,0,0,0,0,0,0
1,0,5.0,3.38,39,4,4,4,4,1
1,0,85.0,0.0,35,0,3,0,0,0
1,0,246.0,3.77,22,0,0,0,0,1
1,0,85.0,0.0,0,4,4,3,4,0
0,1,29.0,0.0,56,3,0,0,1,0
1,0,223.0,0.0,42,0,0,0,0,0
0,0,497.0,0.0,0,2,3,0,-1,0
1,0,319.0,0.0,0,0,0,0,0,0
1,0,85.0,0.0,68,0,0,0,0,0
1,0,85.0,3.16,93,0,0,0,0,1
1,0,168.0,0.0,25,2,4,1,4,0
1,0,402.0,0.0,0,0,0,0,0,0
0,0,30.0,0.0,16,0,2,0,2,0
1,0,85.0,2.9,53,0,0,4,0,1
0,0,68.0,3.61,12,0,0,0,0,1
1,0,208.0,0.0,83,0,0,0,0,0
1,0,410.0,0.0,0,0,0,0,0,0
0,0,244.0,3.51,12,3,0,4,3,1
1,0,378.0,0.0,0,0,0,4,0,0
1,0,189.0,0.0,0,2,2,0,2,0
1,0,143.0,0.0,12,2,2,2,0,0
1,0,52.0,0.0,0,0,0,0,0,0
1,0,41.0,2.63,0,3,2,3,3,1
1,0,85.0,3.87,56,4,4,4,4,1
0,0,11.0,0.0,0,4,4,4,4,0
1,0,14.0,0.0,6,0,0,0,0,0
1,0,32.0,0.0,30,0,0,0,0,0
1,0,154.0,3.33,70,0,0,0,0,1
0,0,162.0,0.0,29,0,0,0,0,0
1,0,28.0,3.84,69,0,0,0,0,1
1,0,322.0,0.0,0,-1,0,0,0,0
1,0,21.0,3.45,9,2,0,0,0,0
1,0,85.0,0.0,3,4,4,4,4,0
1,0,85.0,0.0,82,0,0,0,0,0
1,0,85.0,0.0,0,4,3,3,3,0
1,0,189.0,0.0,66,0,0,0,0,0
1,0,27.0,3.67,6,4,4,0,0,1
1,0,119.0,0.0,6,1,0,0,0,0
1,0,85.0,0.0,64,0,0,0,0,0
1,0,85.0,3.82,36,4,4,4,4,1
1,0,54.0,0.0,39,2,1,-1,2,0
1,0,85.0,3.55,50,3,3,3,4,1
1,0,85.0,0.0,55,0,0,4,0,0
0,0,124.0,0.0,0,4,0,0,1,0
1,0,18.0,0.0,51,0,3,3,0,0
1,0,284.0,0.0,5,4,2,1,1,0
1,0,2.0,0.0,78,0,4,0,0,0
0,0,363.0,0.0,0,2,3,-1,0,0
1,0,85.0,0.0,99,0,0,0,0,0
1,0,43.0,0.0,12,3,4,2,2,0
1,0,85.0,0.0,0,0,0,0,0,0
1,0,217.0,0.0,0,0,0,0,0,0
1,0,13.0,3.3,0,3,3,4,3,1
1,0,85.0,0.0,0,4,0,0,0,0
1,0,6.0,0.0,10,0,4,3,4,0
1,0,350.0,0.0,0,0,0,0,0,0
1,0,45.0,2.55,68,0,0,0,0,1
1,0,85.0,0.0,31,4,0,3,4,0
1,0,85.0,3.09,85,0,0,0,0,1
1,0,578.0,0.0,0,0,0,0,0,0
1,1,71.0,0.0,62,3,3,0,0,0
0,0,17.0,3.67,26,0,0,4,3,0
1,0,85.0,0.0,0,0,0,0,0,0
1,0,85.0,0.0,67,0,0,0,0,0
1,0,200.0,2.89,0,3,2,2,3,1
1,0,60.0,0.0,64,0,0,0,0,0
1,0,85.0,0.0,0,0,0,0,0,0
1,0,120.0,0.0,18,4,-1,-1,2,0
1,0,223.0,0.0,0,0,0,0,-1,0
1,0,55.0,0.0,28,0,2,0,0,0
1,0,6.0,3.66,31,0,3,2,4,1
1,0,85.0,0.0,70,0,0,0,0,0
1,0,85.0,3.57,16,0,2,4,3,1
1,0,85.0,0.0,0,4,4,4,4,0
1,0,84.0,0.0,0,3,4,4,4,0
1,0,225.0,0.0,0,0,0,0,0,0
1,0,169.0,0.0,0,4,4,0,4,0
1,0,85.0,2.74,43,0,4,4,0,1
1,0,197.0,0.0,15,0,0,0,0,0
1,0,51.0,0.0,38,0,0,0,0,0
1,0,45.0,0.0,6,4,4,4,3,0
1,1,73.0,3.56,62,0,2,4,2,1
1,0,222.0,2.95,65,0,0,0,0,1
1,1,15.0,0.0,60,0,4,4,0,0
1,0,85.0,0.0,39,0,0,3,0,0
1,0,128.0,2.9,3,3,2,2,0,1
1,0,85.0,2.85,40,0,0,4,0,1
1,0,42.0,0.0,64,0,-1,0,0,0
1,0,130.0,3.41,72,0,0,0,0,1
1,0,85.0,0.0,43,0,0,0,0,0
1,0,4.0,4.0,18,4,4,4,4,1
0,0,12.0,0.0,22,4,4,2,2,0
1,0,226.0,0.0,0,2,3,-1,3,0
0,0,85.0,0.0,57,0,0,2,0,0
0,0,87.0,0.0,0,4,0,0,2,0
1,0,24.0,0.0,0,-1,0,0,0,0
1,0,85.0,0.0,81,0,0,0,0,0
1,0,148.0,0.0,20,0,0,0,3,0
1,0,64.0,3.32,71,0,0,0,0,1
1,0,170.0,0.0,6,4,4,3,3,0
1,0,12.0,0.0,0,0,0,0,0,0
1,0,185.0,0.0,0,4,4,0,4,0
1,0,85.0,0.0,112,0,0,0,0,0
1,0,65.0,0.0,0,2,3,1,-1,0
1,0,23.0,3.86,79,0,0,0,0,1
1,0,35.0,3.72,28,4,4,3,4,1
1,1,29.0,3.27,62,0,0,4,3,1
1,0,143.0,0.0,0,-1,0,0,0,0
0,0,11.0,0.0,39,0,0,3,0,0
1,0,13.0,3.15,6,4,-1,4,3,1
0,0,17.0,3.69,23,0,0,0,0,1
1,0,85.0,0.0,18,0,0,0,0,0
1,0,85.0,0.0,0,4,4,3,3,0
0,1,15.0,0.0,60,0,0,0,0,0
0,0,29.0,0.0,3,3,0,0,-1,0
0,0,29.0,0.0,26,0,4,0,0,0
1,0,72.0,3.15,47,2,3,2,2,1
1,0,85.0,0.0,0,0,0,0,0,0
1,0,129.0,0.0,11,0,0,4,2,0
1,1,42.0,0.0,58,0,0,0,0,0
1,0,64.0,0.0,56,-1,0,0,1,0
1,0,45.0,0.0,9,-1,0,0,-1,0
1,0,579.0,0.0,0,3,4,0,0,0
1,0,69.0,0.0,0,4,3,3,3,0
1,0,172.0,0.0,0,2,3,0,1,0
1,0,316.0,0.0,0,0,0,0,0,0
1,0,11.0,0.0,0,3,3,4,4,0
1,1,60.0,0.0,44,0,0,0,0,0
1,0,124.0,0.0,0,4,0,0,0,0
1,0,85.0,2.95,68,0,0,0,0,1
1,0,129.0,0.0,24,4,3,0,3,0
1,0,241.0,0.0,26,0,0,0,0,0
1,0,309.0,0.0,0,0,0,0,0,0
1,0,85.0,0.0,0,4,3,2,2,0
1,0,14.0,3.68,35,0,4,4,3,1
1,0,328.0,0.0,0,-1,0,0,2,0
1,0,85.0,3.5,43,0,0,4,0,1
1,0,113.0,0.0,0,4,3,2,2,0
1,0,85.0,0.0,62,0,0,0,0,0
1,0,85.0,0.0,0,0,0,0,0,0
1,0,339.0,0.0,12,3,0,0,-1,0
1,0,85.0,3.96,30,4,4,4,0,1
1,0,132.0,0.0,0,3,0,0,0,0
1,0,44.0,0.0,0,2,0,-1,-1,0
0,0,311.0,2.87,0,0,2,4,0,1
1,0,85.0,0.0,0,4,4,4,4,0
0,0,41.0,3.22,35,0,2,2,2,1
0,0,2.0,4.0,12,4,4,4,4,1
1,0,234.0,0.0,0,1,0,0,0,0
1,0,10.0,3.94,57,0,4,4,4,1
1,0,219.0,0.0,0,0,0,0,0,0
1,0,264.0,0.0,0,0,0,0,0,0
0,1,87.0,0.0,50,0,4,0,0,0
1,0,436.0,0.0,0,3,3,-1,-1,0
1,0,85.0,3.9,76,0,0,0,0,1
1,0,580.0,0.0,0,0,0,0,0,0
1,0,6.0,0.0,81,0,0,0,0,0
1,0,85.0,0.0,100,0,0,0,0,0
1,0,35.0,0.0,76,0,0,0,0,0
1,0,85.0,0.0,0,0,0,0,0,0
1,0,85.0,0.0,0,2,3,0,2,0
1,0,85.0,3.48,62,4,2,3,3,1
0,0,85.0,0.0,9,3,0,0,4,0
1,0,85.0,3.5,0,4,4,0,4,1
1,0,85.0,0.0,78,3,0,4,0,0
1,0,85.0,0.0,21,3,2,3,4,0
1,0,8.0,0.0,25,-1,0,0,0,0
1,0,36.0,0.0,0,0,0,0,4,0
1,0,258.0,0.0,0,0,0,0,0,0
1,0,67.0,2.48,41,0,0,0,0,1
1,0,128.0,3.84,20,0,0,4,0,1
0,0,151.0,0.0,0,0,0,0,0,0
1,0,96.0,0.0,15,3,4,3,4,0
1,0,157.0,0.0,0,0,0,0,1,0
1,0,426.0,0.0,0,0,0,0,0,0
1,0,85.0,3.18,146,0,0,0,0,1
1,1,96.0,0.0,24,3,0,-1,-1,0
1,1,84.0,0.0,0,0,0,0,0,0
1,0,495.0,0.0,0,0,0,0,0,0
1,0,354.0,0.0,3,0,0,0,0,0
1,0,85.0,0.0,74,0,0,0,0,0
0,0,85.0,0.0,21,4,4,4,4,0
1,0,490.0,0.0,0,2,0,0,0,0
1,0,108.0,3.0,0,2,2,2,3,1
1,0,228.0,0.0,0,0,0,0,0,0
1,0,472.0,0.0,0,0,0,0,0,0
0,1,31.0,2.83,60,0,0,0,0,1
1,0,46.0,3.61,25,3,2,4,3,1
1,0,85.0,0.0,77,0,0,0,0,0
1,0,135.0,3.43,73,0,0,0,0,1
1,0,410.0,0.0,0,0,0,0,0,0
1,0,23.0,3.18,0,2,2,3,2,1
1,0,115.0,3.33,0,4,2,0,0,1
1,0,276.0,0.0,73,3,3,0,0,0
1,0,85.0,3.35,77,0,0,0,0,1
0,0,14.0,3.94,40,0,0,0,0,1
1,0,85.0,0.0,76,0,0,-1,3,0
1,0,85.0,3.22,38,4,4,3,0,1
1,0,516.0,0.0,0,2,2,0,2,0
1,0,85.0,3.83,0,4,0,4,4,1
1,0,200.0,0.0,0,0,0,0,0,0
1,0,62.0,0.0,35,0,0,0,0,0
1,0,200.0,0.0,0,3,0,-1,-1,0
1,0,268.0,0.0,0,3,0,-1,-1,0
1,0,12.0,3.49,0,4,4,4,2,1
1,0,52.0,0.0,63,3,1,-1,2,0
1,0,85.0,0.0,0,0,0,0,0,0
1,0,85.0,0.0,106,0,0,0,0,0
1,0,163.0,0.0,12,3,0,0,0,0
1,0,85.0,0.0,85,0,0,0,0,0
1,0,38.0,0.0,61,0,0,3,0,0
0,0,3.0,3.15,15,2,0,0,3,0
1,0,119.0,0.0,0,4,4,0,0,0
0,0,3.0,0.0,0,4,0,0,3,0
1,0,471.0,0.0,0,0,0,0,-1,0
0,0,85.0,2.55,0,3,3,2,3,1
1,0,45.0,0.0,86,0,0,-1,0,0
1,1,52.0,3.36,60,0,0,0,0,1
1,0,38.0,0.0,0,4,3,2,2,0
1,1,23.0,0.0,72,0,4,0,0,0
1,0,213.0,0.0,0,4,3,3,4,0
1,0,154.0,3.14,0,4,0,0,2,0
1,0,159.0,0.0,0,0,0,0,0,0
0,0,85.0,0.0,69,0,0,0,0,0
1,0,85.0,2.73,42,0,4,4,0,1
1,0,48.0,0.0,67,0,0,0,0,0
1,0,236.0,3.49,31,0,3,3,0,1
1,0,60.0,0.0,0,0,0,0,0,0
1,0,85.0,0.0,0,4,4,0,0,0
0,0,85.0,0.0,134,4,0,0,3,0
1,0,184.0,0.0,3,2,2,0,3,0
1,0,244.0,0.0,0,4,4,2,2,0
1,0,85.0,0.0,0,0,0,0,0,0
1,1,44.0,2.93,66,0,3,2,0,0
1,0,23.0,0.0,21,4,0,0,2,0
1,0,85.0,2.6,51,0,0,4,3,1
1,0,31.0,0.0,28,0,4,0,3,0
1,0,70.0,0.0,13,0,0,0,0,0
1,0,522.0,0.0,0,2,2,0,-1,0
1,0,85.0,0.0,45,0,3,0,0,0
1,0,85.0,0.0,64,0,3,3,3,0
1,0,85.0,0.0,62,0,0,0,0,0
1,0,32.0,0.0,18,0,0,0,0,0
1,0,172.0,0.0,24,4,0,0,0,0
1,0,134.0,0.0,0,0,0,0,0,0
0,0,1.0,3.77,50,4,4,4,3,1
1,0,543.0,0.0,0,0,0,0,0,0
1,0,153.0,0.0,0,4,4,2,3,0
0,0,21.0,0.0,80,0,0,0,1,0
1,0,74.0,0.0,38,0,4,3,3,0
1,0,86.0,0.0,0,3,0,0,0,0
1,0,74.0,0.0,53,3,4,4,4,0
1,0,219.0,0.0,0,4,0,0,2,0
1,0,85.0,3.37,70,0,0,0,0,1
1,0,4.0,0.0,61,0,0,2,2,0
1,1,29.0,3.52,64,0,0,0,0,1
1,0,85.0,0.0,0,-1,0,0,-1,0
1,0,523.0,0.0,3,0,0,0,0,0
1,0,95.0,0.0,17,3,0,0,0,0
1,0,85.0,0.0,0,4,4,3,4,0
1,0,85.0,0.0,0,0,0,0,0,0
0,0,128.0,3.12,0,0,0,0,1,1
1,1,27.0,3.54,75,0,4,0,4,1
0,0,61.0,0.0,0,-1,0,0,0,0
1,0,98.0,3.82,85,0,0,0,0,1
1,0,75.0,0.0,6,0,0,0,0,0
1,0,89.0,3.7,69,0,0,0,0,1
0,0,4.0,0.0,43,4,4,3,0,0
1,0,7.0,3.46,31,4,4,2,4,1
1,0,55.0,0.0,18,1,0,-1,2,0
1,0,224.0,0.0,0,2,0,0,1,0
1,0,71.0,0.0,35,0,4,1,4,0
1,0,35.0,3.7,4,4,4,3,3,1
0,0,21.0,3.96,6,4,4,4,2,1
1,0,46.0,0.0,93,2,4,2,3,0
0,0,85.0,0.0,0,0,0,0,0,0
1,0,34.0,0.0,15,4,0,0,0,0
1,0,77.0,0.0,0,0,0,0,0,0
1,1,63.0,0.0,28,-1,0,0,0,0
0,0,24.0,0.0,15,4,4,3,4,0
1,0,137.0,0.0,0,0,0,0,0,0
1,0,85.0,3.05,63,0,0,0,0,1
1,0,135.0,3.72,15,4,4,4,4,1
1,0,158.0,0.0,0,0,0,0,0,0
1,0,85.0,2.44,49,0,0,0,0,1
1,0,85.0,0.0,52,0,0,0,0,0
1,0,85.0,0.0,43,4,3,2,0,0
1,0,30.0,0.0,15,0,0,0,0,0
1,1,61.0,0.0,25,0,0,0,0,0
1,0,15.0,0.0,0,2,0,1,1,0
1,0,124.0,0.0,68,0,0,0,0,0
1,0,66.0,0.0,68,0,0,0,0,0
1,0,165.0,3.07,77,0,0,0,0,1
1,0,173.0,0.0,28,4,0,0,0,0
1,0,31.0,0.0,15,4,4,2,2,0
0,0,6.0,3.69,39,4,4,4,0,1
1,0,164.0,0.0,0,0,0,0,0,0
0,0,44.0,3.08,10,4,2,3,3,1
1,0,249.0,0.0,0,4,2,0,0,0
1,0,297.0,0.0,0,4,4,2,4,0
1,0,85.0,0.0,30,0,0,0,0,0
1,0,113.0,0.0,39,0,0,0,0,0
1,1,45.0,3.55,132,3,3,4,0,1
1,1,83.0,0.0,63,0,0,0,0,0
0,0,77.0,3.21,0,4,3,2,3,1
1,0,119.0,0.0,0,0,0,0,0,0
1,0,85.0,0.0,52,0,0,0,0,0
1,0,18.0,0.0,25,0,0,0,0,0
1,0,91.0,0.0,0,4,4,-1,4,0
0,0,25.0,3.4,56,0,0,4,2,1
0,0,62.0,0.0,0,0,0,0,0,0
0,0,2.0,0.0,27,4,0,0,1,0
1,0,533.0,0.0,0,-1,0,0,0,0
1,0,37.0,0.0,16,0,0,0,0,0
1,1,33.0,3.02,143,3,0,2,0,1
0,0,87.0,3.43,90,0,0,3,0,1
1,0,236.0,0.0,0,0,0,0,0,0
1,0,214.0,2.82,24,2,3,0,2,0
1,1,55.0,2.86,87,0,0,0,0,1
1,1,51.0,3.25,62,0,0,0,0,1
1,0,85.0,2.74,80,0,0,0,0,1
1,0,85.0,0.0,0,0,0,0,0,0
1,0,509.0,0.0,0,0,0,0,0,0
1,0,85.0,0.0,0,0,0,0,0,0
1,0,20.0,0.0,13,4,4,4,4,0
1,0,85.0,0.0,4,0,4,0,3,0
1,0,85.0,3.15,95,0,0,0,0,1
1,0,382.0,0.0,0,0,0,0,1,0
1,1,5.0,2.81,60,0,2,4,0,1
0,0,172.0,0.0,28,0,4,0,4,0
1,0,243.0,0.0,3,2,1,-1,1,0
1,0,135.0,0.0,0,0,0,0,0,0
1,0,225.0,0.0,0,4,4,4,3,0
1,0,18.0,0.0,0,4,4,3,3,0
1,1,32.0,2.91,60,0,4,2,0,1
1,0,85.0,0.0,24,0,0,0,0,0
1,0,11.0,0.0,0,4,4,4,4,0
0,0,15.0,3.6,17,0,4,4,4,1
1,0,326.0,0.0,0,0,0,0,0,0
0,0,85.0,0.0,18,0,0,0,0,0
0,0,85.0,2.68,65,0,0,3,0,1
1,0,210.0,0.0,0,4,0,0,-1,0
1,0,85.0,3.5,70,0,4,0,0,1
1,0,38.0,0.0,62,3,3,3,4,0
0,0,46.0,3.44,32,0,0,2,0,1
1,0,71.0,4.0,0,4,4,4,4,0
0,0,85.0,0.0,84,0,0,0,0,0
1,0,66.0,0.0,0,3,4,4,2,0
1,0,398.0,0.0,0,3,-1,1,3,0
1,0,85.0,2.91,71,4,0,0,0,1
1,0,530.0,0.0,0,0,0,0,0,0
1,0,85.0,0.0,0,0,0,0,0,0
1,0,157.0,0.0,83,2,0,0,-1,0
0,0,27.0,0.0,34,0,4,0,0,0
1,0,223.0,3.1,0,4,4,0,3,1
1,0,85.0,3.76,0,4,4,4,4,1
1,0,14.0,0.0,54,2,0,0,2,0
1,0,312.0,0.0,32,0,0,0,-1,0
0,0,215.0,0.0,22,0,-1,0,1,0
1,0,222.0,0.0,0,4,3,4,2,0
1,0,296.0,3.35,93,0,0,0,0,0
1,0,287.0,0.0,67,0,0,0,0,0
1,0,89.0,0.0,21,4,4,4,4,0
1,0,68.0,0.0,28,0,2,0,-1,0
1,0,85.0,3.06,0,3,2,4,2,1
1,0,77.0,0.0,67,0,0,0,0,0
0,0,85.0,3.75,0,4,4,4,3,1
0,0,85.0,3.32,28,3,2,4,3,1
0,0,85.0,3.32,71,0,0,0,0,1
1,0,85.0,0.0,0,0,0,0,0,0
1,0,52.0,0.0,0,3,3,0,2,0
1,0,109.0,0.0,0,0,0,0,0,0
1,0,356.0,0.0,0,0,0,0,-1,0
1,0,36.0,2.74,31,3,3,2,3,1
1,0,287.0,2.75,9,2,2,0,3,0
1,0,110.0,3.0,0,4,3,2,2,1
1,0,85.0,0.0,91,0,0,0,0,0
1,0,149.0,3.79,72,0,0,0,0,1
1,0,85.0,3.36,113,0,0,0,0,0
1,0,150.0,0.0,7,2,2,2,2,0
1,0,13.0,0.0,19,0,4,4,4,0
1,0,197.0,0.0,0,0,0,0,0,0
1,0,162.0,0.0,15,4,4,0,1,0
1,0,83.0,0.0,0,3,1,-1,1,0
0,0,217.0,0.0,32,3,2,-1,-1,0
1,0,10.0,0.0,0,4,4,4,4,0
1,0,85.0,0.0,37,3,0,0,0,0
0,1,40.0,3.47,60,0,4,4,0,1
0,0,85.0,0.0,55,0,0,0,0,0
1,0,76.0,3.12,32,0,-1,3,2,1
1,0,138.0,0.0,12,4,4,3,4,0
1,0,85.0,0.0,0,0,0,0,0,0
1,0,367.0,0.0,0,0,0,0,0,0
1,0,85.0,3.21,67,0,0,0,0,1
1,0,29.0,0.0,0,3,1,-1,2,0
1,0,85.0,3.6,68,0,0,0,0,1
1,0,1.0,3.62,7,0,4,4,3,1
1,1,79.0,0.0,60,0,2,0,0,0
1,0,425.0,0.0,12,2,2,-1,-1,0
1,0,22.0,0.0,0,4,4,4,3,0
1,0,85.0,3.34,81,0,0,0,0,1
1,0,85.0,0.0,18,0,0,0,0,0
1,0,204.0,0.0,0,0,0,0,-1,0
0,0,3.0,0.0,0,4,4,4,4,0
1,0,85.0,0.0,0,3,0,0,1,0
1,0,199.0,0.0,0,0,0,0,0,0
1,0,85.0,0.0,26,0,0,-1,0,0
0,0,16.0,0.0,12,2,2,2,-1,0
0,0,210.0,3.91,0,0,0,0,0,0
1,0,3.0,0.0,42,4,4,4,3,0
1,0,295.0,0.0,0,0,0,0,-1,0
1,0,85.0,0.0,78,0,0,0,0,0
1,0,293.0,0.0,0,3,0,0,3,0
0,0,32.0,3.32,72,0,0,0,0,1
1,0,85.0,3.51,24,0,0,4,3,1
1,0,85.0,4.0,95,0,0,0,0,1
1,0,85.0,0.0,0,0,0,0,0,0
1,0,77.0,2.67,41,2,3,4,2,1
1,0,439.0,2.75,0,3,4,2,2,1
0,0,7.0,3.4,3,2,4,2,3,1
1,0,47.0,0.0,48,3,4,3,3,0
1,0,85.0,0.0,54,-1,0,0,0,0
0,0,77.0,3.43,101,0,0,0,0,0
0,0,14.0,3.07,0,4,4,2,3,1
1,0,314.0,0.0,12,0,0,0,0,0
1,0,343.0,0.0,45,2,4,0,0,0
1,0,29.0,3.69,61,0,0,4,4,1
1,0,85.0,0.0,0,0,0,0,0,0
1,0,85.0,0.0,0,0,0,0,0,0
1,0,27.0,0.0,0,0,0,0,-1,0
1,0,286.0,0.0,36,-1,0,0,-1,0
1,1,37.0,3.65,60,0,4,0,0,0
1,1,27.0,0.0,70,0,4,2,0,0
1,0,244.0,0.0,0,4,3,1,2,0
1,0,52.0,2.83,0,2,0,0,0,0
1,0,4.0,3.81,0,0,3,4,4,1
1,0,85.0,3.95,74,0,0,0,0,1
0,0,85.0,3.73,22,0,3,4,4,1
1,0,85.0,3.74,91,0,0,0,0,1
1,0,42.0,0.0,0,-1,0,0,0,0
1,0,85.0,3.21,74,0,0,0,0,1
0,1,11.0,0.0,60,0,3,0,0,0
1,0,85.0,3.82,9,4,3,4,4,1
1,0,180.0,0.0,0,3,4,0,2,0
1,0,85.0,3.32,48,4,0,0,0,1
1,0,85.0,3.8,69,0,0,0,0,1
1,0,37.0,2.97,0,4,4,2,3,1
1,0,15.0,3.92,28,4,4,4,4,1
1,0,85.0,0.0,13,0,0,0,0,0
1,0,124.0,3.47,0,2,4,3,4,1
1,0,314.0,0.0,0,0,0,0,0,0
1,0,2.0,0.0,42,4,4,0,3,0
1,0,35.0,0.0,25,0,1,3,3,0
0,0,60.0,0.0,58,0,0,3,0,0
1,0,48.0,0.0,0,0,0,0,0,0
0,0,15.0,0.0,0,0,0,0,0,0
1,0,85.0,0.0,53,0,0,0,0,0
1,0,508.0,0.0,0,0,0,0,0,0
0,0,85.0,0.0,0,2,3,0,-1,0
1,0,85.0,3.6,81,0,0,0,0,1
1,0,224.0,0.0,21,0,0,0,0,0
1,0,119.0,0.0,0,0,0,0,-1,0
1,0,1.0,0.0,0,0,0,0,0,0
1,0,36.0,3.85,50,0,0,0,0,1
0,0,110.0,0.0,15,4,0,0,2,0
1,0,1.0,4.0,0,4,4,4,4,1
1,0,8.0,0.0,7,0,0,0,0,0
1,0,105.0,0.0,77,0,0,0,0,0
1,0,147.0,3.38,0,3,4,3,2,1
1,0,20.0,0.0,0,2,2,-1,1,0
1,0,157.0,0.0,45,0,0,2,0,0
1,0,2.0,0.0,0,4,3,0,4,0
1,0,61.0,3.97,31,0,0,4,4,1
1,0,28.0,0.0,10,0,4,2,3,0
1,0,85.0,3.56,77,0,0,0,0,1
1,0,85.0,3.95,79,0,0,0,0,1
1,0,41.0,2.42,73,0,0,3,2,1
0,0,2.0,4.0,50,0,0,0,0,1
1,0,11.0,0.0,0,0,0,0,0,0
1,0,85.0,3.32,75,0,0,0,0,1
1,0,182.0,2.11,4,0,2,0,4,1
1,0,143.0,0.0,30,0,4,4,0,0
0,0,18.0,3.95,105,0,0,0,0,1
1,0,287.0,0.0,0,0,0,0,0,0
1,0,335.0,0.0,0,0,0,0,0,0
0,0,5.0,0.0,28,3,0,0,0,0
1,0,146.0,3.41,0,4,2,2,3,1
1,0,96.0,3.17,60,0,0,0,0,0
1,0,110.0,0.0,0,0,0,0,0,0
1,0,84.0,0.0,24,3,4,0,0,0
0,0,85.0,0.0,19,0,0,0,0,0
1,0,85.0,2.68,39,0,4,2,3,1
1,0,316.0,0.0,0,4,4,2,4,0
1,0,298.0,0.0,10,3,1,2,2,0
1,0,40.0,0.0,67,0,0,0,0,0
0,0,57.0,2.42,102,0,0,0,0,1
0,0,41.0,3.45,0,2,4,2,2,1
1,0,85.0,3.86,0,4,4,4,4,1
0,1,37.0,3.2,65,0,0,0,0,0
1,0,85.0,0.0,15,0,0,0,0,0
1,0,85.0,3.64,174,0,0,0,0,1
1,0,85.0,3.06,136,0,0,2,0,1
1,0,39.0,0.0,84,0,0,0,0,0
1,0,487.0,0.0,0,3,3,4,2,0
1,0,13.0,0.0,93,2,4,0,2,0
0,0,83.0,3.61,78,0,0,0,0,1
0,0,49.0,3.65,12,3,3,4,3,1
1,1,77.0,0.0,56,4,0,0,0,0
1,0,189.0,3.9,0,4,4,0,0,1
1,0,71.0,0.0,27,0,0,0,0,0
1,0,87.0,3.58,21,4,4,4,4,1
1,0,172.0,0.0,21,2,2,3,3,0
1,0,289.0,0.0,0,3,3,0,3,0
1,0,94.0,0.0,0,0,0,0,0,0
1,0,72.0,0.0,26,2,0,0,-1,0
1,0,327.0,0.0,0,-1,0,0,-1,0
1,0,113.0,3.93,0,4,4,3,3,1
1,0,84.0,3.34,82,0,0,0,0,1
1,0,314.0,0.0,70,0,0,0,0,0
1,0,256.0,3.41,72,0,0,0,0,1
1,0,521.0,0.0,0,0,0,0,0,0
1,0,17.0,3.74,43,4,4,4,4,1
1,0,122.0,0.0,0,0,0,0,0,0
1,0,85.0,0.0,112,0,3,4,0,0
1,0,85.0,3.34,72,0,4,0,0,1
0,0,5.0,3.02,0,2,3,3,4,1
1,0,85.0,0.0,16,2,0,0,0,0
1,0,206.0,0.0,0,3,3,2,2,0
1,0,106.0,0.0,30,0,0,0,2,0
1,0,512.0,0.0,0,0,0,0,0,0
1,0,85.0,0.0,46,0,-1,0,0,0
1,0,462.0,0.0,0,4,0,0,0,0
1,0,85.0,0.0,5,0,0,0,0,0
1,0,71.0,0.0,0,3,3,2,3,0
1,0,85.0,2.72,46,0,0,2,0,1
1,1,38.0,0.0,67,0,0,2,0,0
1,0,85.0,2.41,69,0,0,2,1,1
1,0,163.0,0.0,0,0,0,0,0,0
1,0,62.0,0.0,62,0,0,0,0,0
1,0,259.0,0.0,17,3,4,0,2,0
1,0,216.0,0.0,45,0,4,0,0,0
1,0,499.0,0.0,0,2,3,0,3,0
1,0,85.0,0.0,44,-1,0,3,0,0
0,0,342.0,0.0,72,3,3,3,0,0
1,0,76.0,0.0,22,0,2,1,1,0
1,0,79.0,0.0,21,4,4,0,2,0
0,0,1.0,0.0,52,0,4,4,0,0
1,0,32.0,0.0,16,4,0,0,0,0
0,0,265.0,0.0,34,4,2,4,2,0
1,1,89.0,2.98,56,2,2,2,1,1
1,0,366.0,2.6,0,3,4,2,4,1
1,0,267.0,0.0,44,0,0,0,0,0
1,0,24.0,3.37,61,0,2,4,3,0
1,0,132.0,0.0,48,0,0,0,0,0
1,0,85.0,3.82,0,0,0,0,0,1
1,0,85.0,0.0,22,2,-1,0,2,0
1,0,85.0,0.0,0,4,4,4,4,0
1,0,165.0,3.7,76,0,0,0,0,1
1,0,34.0,3.51,23,0,3,0,0,0
1,0,85.0,0.0,51,0,4,4,4,0
1,0,438.0,0.0,0,0,0,0,0,0
1,0,85.0,3.4,0,4,2,4,3,1
0,0,55.0,3.4,13,4,3,4,4,1
1,0,127.0,0.0,0,0,0,0,0,0
1,0,45.0,3.57,6,4,4,3,3,1
0,0,85.0,0.0,19,-1,0,0,0,0
1,0,287.0,0.0,0,0,0,0,0,0
0,0,12.0,3.76,60,4,4,4,4,1
1,0,336.0,0.0,15,3,0,1,1,0
1,0,82.0,0.0,0,4,4,4,3,0
1,0,6.0,0.0,32,4,4,4,0,0
0,0,1.0,3.96,44,0,4,4,4,1
1,0,404.0,0.0,0,2,3,1,1,0
1,0,4.0,3.86,76,0,3,4,0,1
1,0,152.0,0.0,0,3,0,0,1,0
1,0,317.0,0.0,3,3,4,3,3,0
1,0,85.0,0.0,0,0,0,0,0,0
0,0,22.0,3.89,21,4,3,0,4,1
0,0,131.0,0.0,0,4,4,0,3,0
1,0,24.0,0.0,0,3,3,-1,2,0
1,0,359.0,2.48,91,0,0,0,0,1
0,0,47.0,3.55,18,4,2,4,3,1
1,0,85.0,0.0,0,0,0,0,0,0
1,0,28.0,2.93,111,0,0,2,0,1
1,0,4.0,3.48,71,0,0,0,0,1
1,1,7.0,0.0,57,0,0,0,-1,0
1,0,179.0,0.0,0,4,4,2,3,0
1,0,85.0,0.0,147,0,0,3,0,0
1,0,85.0,0.0,25,0,0,0,0,0
0,0,128.0,3.04,0,4,4,2,3,1
1,0,140.0,3.38,3,2,3,4,2,1
1,0,85.0,3.08,41,4,2,4,0,1
1,0,30.0,0.0,0,4,4,2,2,0
1,0,196.0,0.0,0,0,0,0,0,0
1,1,25.0,0.0,61,0,4,2,4,0
1,0,211.0,3.33,6,0,0,0,0,1
1,0,66.0,0.0,0,4,4,0,0,0
0,0,19.0,3.16,71,0,0,0,0,1
1,0,44.0,3.27,61,0,0,4,4,1
1,0,85.0,2.86,31,0,2,3,0,1
0,0,357.0,0.0,12,-1,0,0,-1,0
1,0,85.0,0.0,0,0,0,0,0,0
1,0,309.0,0.0,0,0,0,-1,-1,0
1,0,85.0,0.0,0,4,3,4,4,0
1,1,19.0,3.51,78,0,0,4,1,0
0,0,53.0,0.0,0,0,0,0,0,0
0,0,138.0,0.0,0,3,4,0,3,0
1,1,39.0,0.0,61,0,0,0,0,0
1,0,85.0,0.0,77,0,0,0,0,0
1,0,85.0,0.0,29,0,3,-1,2,0
1,1,58.0,3.23,62,0,2,3,4,1
1,0,129.0,0.0,46,0,0,0,0,0
1,1,57.0,2.99,62,2,2,4,3,1
1,0,477.0,0.0,72,0,0,0,0,0
1,0,85.0,3.96,55,0,0,0,0,1
1,0,7.0,0.0,36,0,2,-1,2,0
1,0,15.0,3.57,76,0,0,4,0,1
1,0,198.0,0.0,48,2,4,2,4,0
1,0,515.0,0.0,18,0,0,0,0,0
1,0,85.0,0.0,0,4,2,2,2,0
1,0,297.0,3.3,39,0,0,0,0,1
1,0,501.0,0.0,6,3,0,0,-1,0
1,0,72.0,0.0,25,4,4,4,3,0
0,0,434.0,0.0,18,0,0,0,0,0
1,0,73.0,3.39,18,3,0,0,0,0
1,0,85.0,0.0,0,3,4,2,2,0
1,0,85.0,3.73,35,4,4,4,0,1
1,0,42.0,2.79,0,2,0,0,0,0
1,0,312.0,3.65,24,4,0,0,0,0
1,0,11.0,3.1,0,4,2,3,2,1
1,0,128.0,0.0,0,0,0,0,0,0
1,0,558.0,3.36,0,4,4,2,2,1
1,0,98.0,0.0,61,0,2,0,1,0
1,0,33.0,3.26,0,4,4,2,3,1
0,0,1.0,0.0,0,2,2,0,0,0
1,0,8.0,3.9,29,0,0,0,0,0
0,0,1.0,3.72,49,0,0,0,0,1
1,0,85.0,3.89,124,0,0,4,4,1
1,0,375.0,0.0,0,4,0,2,0,0
1,0,24.0,0.0,0,2,2,2,2,0
1,0,85.0,0.0,0,4,4,2,2,0
1,0,189.0,0.0,0,0,0,0,0,0
1,0,12.0,3.6,24,3,2,3,4,1
1,0,85.0,3.23,0,3,0,0,0,0
1,0,221.0,0.0,0,0,0,0,0,0
1,0,618.0,0.0,67,0,0,0,0,0
1,0,85.0,0.0,16,3,3,2,0,0
1,1,52.0,0.0,89,0,0,1,0,0
1,0,12.0,0.0,6,2,2,-1,2,0
1,0,242.0,2.74,28,3,2,-1,0,1
1,0,69.0,3.65,0,3,0,4,0,1
1,0,50.0,3.07,49,0,0,0,0,1
1,0,129.0,2.81,69,0,0,0,0,1
1,0,85.0,0.0,100,0,0,3,0,0
1,0,85.0,3.0,70,0,0,0,0,1
1,0,283.0,0.0,15,0,0,0,-1,0
1,0,425.0,0.0,4,0,-1,0,0,0
1,0,85.0,3.11,154,0,0,0,0,1
1,0,87.0,0.0,0,0,0,0,0,0
1,0,450.0,0.0,0,3,2,0,0,0
1,0,106.0,0.0,31,4,3,3,4,0
1,0,197.0,0.0,61,2,2,3,2,0
1,0,136.0,0.0,32,0,2,-1,0,0
0,0,9.0,0.0,66,3,0,2,2,0
1,1,62.0,0.0,51,1,0,0,0,0
0,0,78.0,2.99,3,2,3,0,2,0
1,0,85.0,3.01,61,0,0,4,0,1
1,0,111.0,3.18,29,0,0,0,0,1
1,0,85.0,0.0,30,0,0,0,0,0
0,0,20.0,3.94,3,4,0,0,4,0
1,0,158.0,0.0,19,3,4,2,4,0
1,0,236.0,0.0,0,0,0,0,0,0
1,0,4.0,3.92,24,4,4,4,4,1
1,0,25.0,3.57,56,0,0,4,0,1
1,0,193.0,0.0,0,0,0,0,0,0
1,0,411.0,2.95,81,0,0,0,0,1
1,0,12.0,3.49,59,0,0,2,0,1
1,0,85.0,0.0,0,0,0,0,0,0
1,0,512.0,2.91,0,0,0,0,0,0
1,0,351.0,0.0,64,0,4,0,0,0
1,0,25.0,0.0,60,3,0,0,0,0
1,0,23.0,0.0,0,2,2,0,0,0
1,0,65.0,0.0,0,4,0,4,4,0
0,0,14.0,3.31,28,0,2,4,3,1
1,0,81.0,3.72,74,0,0,0,0,1
0,0,20.0,0.0,19,4,4,4,4,0
1,0,126.0,0.0,0,0,0,0,0,0
1,0,85.0,3.03,70,0,0,0,0,1
1,0,37.0,0.0,0,-1,0,-1,-1,0
0,0,85.0,0.0,0,4,4,0,3,0
0,0,24.0,3.74,29,0,2,4,-1,1
1,0,85.0,3.29,0,3,3,3,3,1
1,0,73.0,2.97,0,3,3,2,2,1
1,0,85.0,3.8,0,0,0,0,0,1
1,0,25.0,0.0,0,4,4,2,2,0
1,0,85.0,0.0,0,4,4,2,2,0
1,0,123.0,0.0,31,2,3,3,3,0
1,0,21.0,3.26,9,4,3,3,3,1
1,0,18.0,3.34,10,0,4,3,3,1
1,0,374.0,0.0,28,4,4,3,2,0
1,0,85.0,3.77,71,0,0,0,4,1
1,0,85.0,0.0,54,0,4,3,0,0
1,0,85.0,0.0,2,0,0,0,0,0
1,0,28.0,0.0,61,0,0,0,0,0
1,0,175.0,0.0,0,4,0,0,0,0
1,0,93.0,0.0,19,0,0,0,0,0
1,1,8.0,0.0,54,2,0,0,0,0
1,0,464.0,0.0,0,0,0,0,0,0
1,0,51.0,3.21,0,4,1,2,3,1
1,0,28.0,3.19,7,0,3,0,4,1
1,0,157.0,0.0,89,0,0,0,0,0
1,0,85.0,3.57,104,0,0,0,0,1
1,0,85.0,0.0,22,0,0,0,0,0
1,1,34.0,0.0,56,0,4,2,4,0
0,0,24.0,3.71,0,4,4,4,3,1
1,0,188.0,2.94,44,3,1,3,3,1
1,0,53.0,3.5,49,4,3,3,0,1
1,1,39.0,0.0,68,0,0,0,0,0
1,0,252.0,0.0,15,0,0,-1,1,0
1,0,490.0,0.0,0,1,0,0,1,0
1,0,85.0,2.79,78,0,0,0,0,1
0,0,54.0,2.87,32,0,2,3,2,1
1,0,85.0,0.0,86,0,0,0,0,0
0,0,85.0,3.77,36,0,4,4,0,1
1,0,189.0,0.0,0,4,1,0,1,0
1,0,214.0,0.0,6,4,4,4,4,0
1,0,53.0,3.83,68,0,0,0,0,1
1,0,85.0,0.0,78,0,2,4,0,0
1,0,85.0,0.0,88,0,0,0,0,0
1,0,675.0,0.0,0,-1,0,0,0,0
1,0,112.0,2.77,18,3,4,4,3,1
1,0,126.0,3.87,0,4,4,4,3,1
1,0,538.0,0.0,0,0,0,0,0,0
1,0,324.0,0.0,0,0,0,0,0,0
1,0,143.0,0.0,60,4,4,2,4,0
1,0,45.0,3.87,63,0,0,4,0,1
1,0,85.0,0.0,23,2,4,4,0,0
1,0,408.0,0.0,12,0,0,0,0,0
1,0,85.0,3.51,64,0,0,0,0,1
0,0,87.0,3.57,25,3,3,4,3,1
1,0,442.0,0.0,0,0,0,0,0,0
1,0,189.0,0.0,6,2,2,0,1,0
1,0,85.0,0.0,64,0,0,0,0,0
1,0,85.0,2.52,63,0,0,4,0,1
1,1,52.0,0.0,52,2,3,1,3,0
1,0,85.0,0.0,25,0,0,0,-1,0
0,0,2.0,0.0,39,0,0,4,0,0
1,1,44.0,0.0,51,0,-1,0,0,0
1,0,22.0,3.33,34,4,0,0,0,0
1,0,25.0,3.69,41,0,0,4,4,1
1,0,30.0,3.73,25,3,0,4,2,1
0,0,74.0,0.0,0,0,0,0,0,0
1,0,85.0,3.51,3,4,4,0,3,1
1,0,69.0,3.66,72,0,0,0,0,1
1,0,85.0,0.0,0,0,0,0,0,0
0,0,26.0,0.0,34,2,1,-1,3,0
1,0,156.0,0.0,0,0,0,0,0,0
1,0,62.0,0.0,44,0,0,-1,3,0
1,0,42.0,0.0,42,-1,0,0,0,0
1,0,85.0,2.57,63,0,0,0,0,1
1,0,89.0,0.0,0,0,0,0,0,0
1,0,77.0,0.0,18,0,0,0,0,0
0,0,85.0,3.47,49,3,0,0,0,0
1,0,61.0,3.74,0,4,4,2,2,1
1,0,50.0,0.0,12,2,2,4,2,0
1,0,305.0,0.0,60,0,0,4,4,0
1,0,52.0,3.63,0,4,4,4,4,1
1,0,147.0,0.0,0,4,3,2,2,0
1,0,317.0,0.0,49,0,0,2,0,0
1,0,4.0,0.0,0,-1,0,0,0,0
1,0,85.0,3.11,55,0,0,3,0,1
0,0,3.0,3.88,44,0,4,4,4,1
1,0,49.0,0.0,0,2,0,0,0,0
1,0,239.0,0.0,37,2,0,-1,-1,0
0,0,380.0,3.65,0,4,4,4,4,1
1,0,85.0,3.69,116,0,0,3,0,1
1,0,26.0,2.98,60,3,2,2,4,1
1,0,66.0,0.0,12,2,-1,0,-1,0
1,0,47.0,2.67,86,0,0,0,0,1
1,0,26.0,0.0,0,0,0,0,0,0
1,0,505.0,0.0,0,0,0,0,0,0
1,0,85.0,3.1,77,0,0,0,0,1
1,0,85.0,0.0,117,0,0,0,0,0
1,0,562.0,0.0,0,0,0,0,0,0
1,0,341.0,3.04,0,4,2,4,3,1
1,0,342.0,0.0,0,0,0,0,-1,0
1,0,85.0,0.0,65,3,4,3,3,0
0,1,31.0,0.0,60,0,4,0,0,0
1,0,76.0,0.0,0,4,0,0,0,0
1,0,324.0,0.0,51,3,0,0,0,0
0,0,52.0,3.66,0,4,4,-1,4,0
1,0,2.0,3.92,7,4,4,4,0,1
1,0,465.0,0.0,0,0,0,0,0,0
1,0,2.0,3.84,12,4,4,4,4,1
1,0,106.0,0.0,28,4,4,2,4,0
1,0,387.0,0.0,0,0,0,0,0,0
1,0,255.0,3.65,6,3,4,2,2,0
1,1,66.0,0.0,52,0,3,0,0,0
1,0,85.0,3.35,59,0,0,0,2,1
1,0,172.0,2.94,52,0,0,0,0,1
1,0,29.0,0.0,81,0,0,0,0,0
1,0,164.0,3.72,58,0,0,0,0,1
1,0,85.0,0.0,69,0,0,2,0,0
1,0,85.0,0.0,56,2,2,3,0,0
1,1,81.0,3.37,60,0,0,1,0,0
1,0,69.0,0.0,57,4,3,4,4,0
1,0,227.0,3.77,4,4,4,4,3,1
1,0,84.0,0.0,47,0,0,0,0,0
1,0,32.0,3.16,60,3,2,0,1,0
0,0,248.0,0.0,0,3,4,3,3,0
1,1,33.0,3.58,70,0,2,4,0,1
1,0,1.0,0.0,100,0,0,4,0,0
1,0,85.0,3.09,90,0,0,0,0,0
1,0,18.0,0.0,56,0,4,2,0,0
1,0,85.0,0.0,0,0,0,0,0,0
1,0,23.0,3.6,30,4,3,4,3,1
1,0,238.0,0.0,92,0,0,3,0,0
0,0,85.0,3.85,70,0,0,4,0,1
0,0,15.0,0.0,152,0,0,0,0,0
1,0,20.0,0.0,64,0,0,0,0,0
1,0,85.0,0.0,62,0,0,0,0,0
1,0,15.0,3.34,19,0,3,4,0,0
1,0,94.0,0.0,0,0,0,0,0,0
0,0,77.0,3.02,0,4,2,2,2,1
1,0,85.0,0.0,11,3,4,2,2,0
0,0,71.0,0.0,0,4,4,0,3,0
1,0,409.0,0.0,0,0,0,0,0,0
1,0,182.0,3.1,9,4,3,2,2,1
1,0,631.0,0.0,0,0,0,0,0,0
0,0,523.0,0.0,0,0,0,0,0,0
1,0,33.0,0.0,0,3,0,0,1,0
1,0,239.0,0.0,80,0,0,0,0,0
1,0,18.0,3.12,82,0,0,0,0,1
1,0,311.0,0.0,0,2,-1,1,2,0
1,0,265.0,2.99,0,4,2,3,3,1
1,0,290.0,0.0,14,3,0,3,3,0
1,0,46.0,0.0,55,0,0,0,0,0
1,0,96.0,0.0,0,0,0,0,0,0
1,0,281.0,3.04,6,4,3,2,3,1
1,0,64.0,0.0,0,2,3,4,3,0
1,0,81.0,0.0,33,0,0,2,4,0
1,0,85.0,3.66,67,4,1,4,3,0
0,0,367.0,2.7,0,3,2,2,0,1
0,0,25.0,0.0,0,4,4,3,-1,0
1,0,92.0,0.0,0,0,0,0,0,0
0,0,124.0,0.0,0,3,4,0,0,0
1,0,197.0,2.76,0,2,1,2,4,1
0,0,3.0,0.0,93,4,4,2,4,0
0,0,64.0,3.26,60,0,-1,2,3,0
1,0,59.0,0.0,0,2,-1,0,0,0
1,0,85.0,0.0,77,0,-1,0,0,0
0,0,4.0,3.97,15,4,4,4,4,1
0,0,15.0,0.0,4,4,4,4,4,0
1,0,78.0,3.19,0,-1,0,0,3,0
1,0,35.0,3.36,0,4,4,3,3,1
0,0,23.0,2.91,33,3,3,4,3,1
0,0,306.0,0.0,12,0,0,0,2,0
1,1,27.0,3.26,66,0,2,4,0,1
0,0,83.0,3.16,18,3,2,3,2,1
1,0,456.0,0.0,0,0,0,0,0,0
0,0,24.0,0.0,20,4,4,4,0,0
1,0,83.0,0.0,0,0,0,0,0,0
1,0,85.0,0.0,0,4,2,1,4,0
1,0,85.0,2.8,41,0,4,0,-1,1
1,0,2.0,3.45,58,0,0,2,0,1
1,0,451.0,0.0,0,3,2,0,1,0
1,1,57.0,0.0,102,4,3,1,3,0
1,0,85.0,2.87,102,0,0,0,0,1
1,1,48.0,3.56,78,0,0,0,0,1
1,0,85.0,3.12,60,2,0,0,2,1
1,0,21.0,3.69,22,0,0,4,4,1
0,0,18.0,0.0,37,2,3,-1,1,0
1,0,418.0,0.0,0,0,0,0,0,0
1,1,87.0,0.0,65,2,4,-1,2,0
1,1,53.0,0.0,62,0,3,3,0,0
1,0,8.0,3.75,36,4,2,2,3,1
1,0,85.0,0.0,57,4,4,2,4,0
1,0,85.0,0.0,58,4,4,0,0,0
1,0,13.0,0.0,6,0,0,0,0,0
1,0,11.0,0.0,0,4,4,4,4,0
1,0,47.0,0.0,17,0,3,0,4,0
1,0,85.0,0.0,0,0,0,0,0,0
1,0,124.0,0.0,0,0,0,0,0,0
1,0,76.0,0.0,0,4,2,4,3,0
1,1,64.0,2.73,72,0,-1,0,0,0
0,0,43.0,0.0,0,4,4,0,4,0
0,0,11.0,0.0,0,0,0,0,0,0
1,0,691.0,0.0,0,0,0,0,0,0
1,0,541.0,0.0,0,0,0,0,0,0
1,0,85.0,0.0,0,0,0,-1,-1,0
1,0,439.0,0.0,0,-1,0,0,-1,0
1,0,51.0,3.55,58,0,4,2,0,1
1,0,556.0,3.31,38,0,0,0,0,1
1,0,85.0,0.0,27,0,0,0,0,0
1,0,642.0,3.14,83,0,0,0,0,1
0,0,10.0,2.88,9,-1,0,0,2,0
1,0,85.0,3.64,76,0,0,0,0,1
0,1,91.0,0.0,52,0,0,0,0,0
1,0,85.0,0.0,0,-1,0,0,0,0
1,0,85.0,0.0,0,0,0,0,0,0
1,0,82.0,0.0,6,4,4,3,2,0
1,0,17.0,0.0,4,0,-1,0,0,0
1,0,85.0,3.35,82,0,0,4,0,1
1,0,285.0,0.0,0,-1,0,0,2,0
1,0,85.0,0.0,0,0,0,0,0,0
0,0,107.0,0.0,0,4,4,2,4,0
1,0,7.0,3.9,0,4,4,4,4,1
1,0,539.0,0.0,0,0,0,0,0,0
0,0,637.0,0.0,11,3,0,0,4,0
1,0,85.0,0.0,0,0,0,0,0,0
1,0,97.0,2.5,43,2,3,4,3,1
0,0,11.0,3.67,30,4,4,2,2,0
1,0,258.0,0.0,66,0,0,0,0,0
1,0,239.0,0.0,0,3,3,-1,2,0
1,0,85.0,0.0,0,4,4,2,2,0
1,0,341.0,3.22,42,2,4,3,2,1
1,0,2.0,2.84,15,3,4,2,3,1
1,0,47.0,4.0,64,0,0,0,0,1
0,0,111.0,3.38,74,3,0,4,3,1
1,0,26.0,3.74,49,0,0,4,4,1
1,0,85.0,0.0,4,0,0,-1,0,0
1,0,207.0,0.0,0,0,0,0,0,0
1,0,134.0,0.0,0,4,0,0,2,0
1,0,34.0,3.42,120,0,3,3,0,1
1,0,85.0,3.69,90,0,0,0,0,1
1,0,315.0,2.85,68,0,0,0,0,1
1,0,149.0,3.48,9,4,4,4,3,1
1,0,25.0,0.0,34,4,4,4,4,0
1,0,84.0,0.0,0,0,0,0,0,0
1,0,145.0,0.0,57,2,-1,0,2,0
1,0,102.0,0.0,67,0,0,0,0,0
1,0,85.0,0.0,0,0,0,0,0,0
1,0,85.0,0.0,93,0,0,0,-1,0
1,0,37.0,2.58,43,3,2,2,0,1
1,0,85.0,3.75,81,0,0,0,0,1
1,0,85.0,0.0,39,0,2,0,0,0
1,0,35.0,4.0,36,0,0,0,0,1
1,0,136.0,0.0,45,3,4,0,0,0
0,0,85.0,3.54,0,3,3,3,3,1
1,0,94.0,4.0,74,0,0,0,0,1
1,0,12.0,3.72,91,0,0,4,0,1
0,0,347.0,0.0,0,0,0,0,0,0
0,0,103.0,0.0,19,2,0,0,-1,0
1,0,189.0,3.6,58,0,0,4,0,1
1,0,43.0,3.49,47,3,4,4,4,1
1,0,78.0,3.62,51,4,4,3,4,1
1,0,85.0,0.0,0,0,0,0,0,0
1,0,235.0,0.0,0,4,0,1,1,0
1,0,94.0,0.0,18,4,4,4,4,0
1,0,44.0,0.0,0,0,0,0,0,0
1,0,159.0,0.0,17,2,2,0,0,0
0,0,68.0,2.85,68,0,0,0,0,1
0,0,85.0,0.0,66,0,0,0,0,0
1,0,85.0,0.0,25,3,3,2,2,0
1,0,5.0,0.0,66,4,4,4,0,0
1,0,85.0,0.0,0,4,4,4,4,0
1,0,85.0,0.0,0,0,0,0,0,0
1,0,21.0,3.44,0,2,4,2,3,1
1,0,9.0,0.0,27,4,2,0,0,0
1,0,17.0,0.0,0,3,2,3,1,0
1,0,85.0,0.0,0,4,4,0,4,0
1,0,94.0,0.0,0,3,4,1,2,0
1,0,15.0,0.0,0,3,-1,0,2,0
1,1,8.0,0.0,0,0,0,-1,0,0
0,0,85.0,0.0,37,0,0,0,0,0
1,0,98.0,0.0,12,4,0,0,3,0
1,0,9.0,3.35,18,4,3,2,2,0
1,0,85.0,2.8,0,2,2,4,2,1
1,0,85.0,0.0,0,0,0,0,0,0
1,0,223.0,0.0,0,-1,0,0,0,0
1,1,73.0,0.0,64,2,3,4,0,0
1,0,82.0,0.0,0,2,3,-1,3,0
1,0,6.0,3.63,29,0,4,4,4,1
0,0,24.0,0.0,0,0,0,0,0,0
1,0,85.0,3.2,52,0,3,2,0,1
1,0,26.0,0.0,39,4,4,3,3,0
0,0,72.0,3.26,89,0,0,0,0,1
1,0,85.0,0.0,67,0,0,0,0,0
1,0,85.0,0.0,0,0,0,0,0,0
0,0,66.0,0.0,0,0,0,0,0,0
1,0,122.0,0.0,0,3,0,0,1,0
0,0,67.0,3.44,18,4,2,4,3,1
1,0,289.0,0.0,0,0,0,0,-1,0
0,0,115.0,0.0,22,0,0,0,0,0
0,0,54.0,0.0,54,0,0,0,0,0
1,0,370.0,0.0,0,3,0,0,3,0
1,0,85.0,0.0,3,4,4,3,4,0
1,0,170.0,0.0,72,0,2,0,0,0
1,0,57.0,2.87,24,4,4,2,-1,0
1,0,85.0,2.74,0,0,0,0,0,0
1,0,49.0,0.0,0,4,0,0,2,0
1,0,85.0,0.0,0,3,0,0,0,0
1,0,85.0,2.45,80,0,0,0,0,1
1,0,67.0,0.0,4,4,4,0,4,0
1,0,196.0,0.0,41,0,0,0,0,0
1,0,85.0,0.0,0,0,0,0,0,0
0,0,3.0,0.0,34,0,4,4,4,0
1,0,118.0,0.0,16,4,2,4,2,0
0,0,85.0,3.38,144,0,0,4,0,1
1,0,220.0,0.0,0,0,0,0,0,0
1,0,5.0,3.35,44,0,2,4,3,1
1,0,247.0,0.0,51,0,4,-1,0,0
1,0,79.0,0.0,74,0,0,0,0,0
1,0,186.0,0.0,0,0,0,0,0,0
1,0,79.0,0.0,6,4,4,4,4,0
1,0,8.0,0.0,0,0,0,0,0,0
1,0,81.0,3.77,27,4,2,2,4,1
1,0,85.0,4.0,85,0,0,0,0,1
1,0,81.0,0.0,40,2,0,0,0,0
1,1,4.0,3.05,52,0,-1,0,3,0
0,0,33.0,0.0,23,4,3,4,4,0
1,0,85.0,0.0,0,0,0,0,0,0
1,0,6.0,3.93,61,0,4,4,4,1
1,0,24.0,3.74,0,4,4,4,4,1
1,0,71.0,0.0,0,3,4,2,2,0
0,0,72.0,0.0,60,2,-1,-1,0,0
1,0,137.0,0.0,18,3,-1,-1,-1,0
1,0,64.0,0.0,16,2,0,0,0,0
0,0,22.0,0.0,0,3,0,1,1,0
1,0,90.0,3.2,18,3,2,-1,3,0
1,0,3.0,3.9,18,4,2,4,4,1
1,0,85.0,0.0,0,0,0,0,0,0
1,0,85.0,0.0,52,0,0,3,0,0
0,0,20.0,0.0,80,0,0,0,0,0
1,0,142.0,0.0,0,4,4,3,3,0
1,0,85.0,3.08,76,0,0,0,0,1
1,0,89.0,0.0,0,3,4,3,1,0
1,0,37.0,0.0,5,0,0,0,0,0
1,0,85.0,3.65,49,0,0,0,0,1
1,0,132.0,3.04,74,0,0,0,0,1
1,0,246.0,0.0,0,0,0,0,0,0
1,0,73.0,0.0,36,4,4,0,0,0
1,0,37.0,0.0,0,0,0,0,1,0
1,0,13.0,3.9,10,0,0,4,4,0
1,0,2.0,0.0,40,4,0,0,3,0
0,0,8.0,0.0,61,0,0,0,4,0
1,0,11.0,3.92,22,4,4,4,4,1
1,0,85.0,3.67,14,4,4,3,2,1
1,0,356.0,0.0,0,0,0,0,0,0
1,0,201.0,0.0,67,4,4,2,3,0
1,0,4.0,0.0,50,0,4,4,4,0
1,0,85.0,0.0,76,2,0,0,0,0
1,0,256.0,0.0,51,0,0,0,0,0
1,0,77.0,3.57,0,3,4,2,4,1
0,0,33.0,2.64,12,3,2,2,2,1
1,0,85.0,3.67,111,0,0,0,0,1
1,0,85.0,0.0,0,0,0,0,0,0
0,0,7.0,2.79,74,0,3,3,0,1
1,0,85.0,3.74,36,4,4,4,3,1
1,0,42.0,0.0,0,0,0,0,0,0
1,0,604.0,0.0,0,0,0,0,0,0
1,0,217.0,0.0,0,0,0,0,0,0
1,0,142.0,0.0,0,2,0,0,-1,0
0,0,4.0,0.0,0,0,0,0,0,0
1,0,85.0,0.0,67,0,0,0,0,0
1,0,248.0,3.79,0,4,0,4,0,1
1,0,282.0,0.0,0,3,-1,0,1,0
0,0,85.0,0.0,0,4,4,4,4,0
1,0,85.0,0.0,32,0,0,0,1,0
1,0,104.0,0.0,24,0,0,0,0,0
1,0,121.0,0.0,16,3,4,2,2,0
1,0,54.0,0.0,0,0,3,4,0,0
1,1,12.0,0.0,115,0,0,0,0,0
1,0,189.0,0.0,0,0,0,0,0,0
1,0,50.0,0.0,60,4,4,4,3,0
1,0,187.0,2.99,6,2,3,3,2,1
1,0,85.0,0.0,49,0,0,0,0,0
1,0,156.0,0.0,0,4,4,2,2,0
1,0,16.0,0.0,0,4,0,0,0,0
1,0,3.0,3.68,19,0,4,3,3,1
1,0,85.0,0.0,9,0,0,0,0,0
1,0,134.0,0.0,0,0,0,0,0,0
1,0,14.0,0.0,0,0,0,0,0,0
1,1,79.0,3.41,63,0,2,3,0,1
0,0,26.0,0.0,0,3,0,0,0,0
1,0,95.0,0.0,23,4,4,3,4,0
1,1,95.0,3.25,63,0,2,0,3,1
1,0,85.0,0.0,64,0,0,0,0,0
1,1,41.0,0.0,60,2,-1,0,2,0
0,0,10.0,0.0,0,0,0,0,0,0
1,0,85.0,3.05,33,3,2,3,0,1
1,1,8.0,0.0,112,0,0,0,0,0
1,0,44.0,0.0,42,0,0,3,4,0
1,0,13.0,0.0,0,4,4,4,4,0
1,1,28.0,3.03,72,4,3,4,3,1
0,0,22.0,3.4,12,4,4,4,4,0
0,0,26.0,3.61,85,0,0,0,0,1
1,0,228.0,0.0,0,3,4,3,3,0
1,0,46.0,0.0,57,4,4,3,4,0
1,0,85.0,0.0,0,0,0,0,0,0
1,0,338.0,0.0,0,0,0,0,-1,0
1,0,39.0,0.0,0,4,4,4,4,0
1,0,67.0,3.59,6,0,0,0,0,1
0,0,11.0,3.82,21,4,4,-1,4,1
1,0,2.0,3.81,34,4,4,4,3,0
1,0,308.0,0.0,0,0,0,0,0,0
1,0,85.0,3.35,76,0,4,0,0,1
1,0,390.0,0.0,36,3,4,0,-1,0
1,0,85.0,3.92,88,0,0,4,0,1
1,0,298.0,0.0,9,0,0,0,0,0
1,0,84.0,0.0,0,0,0,0,-1,0
1,0,146.0,2.35,21,2,1,4,3,0
1,0,85.0,3.49,73,0,0,0,0,1
0,0,3.0,3.81,18,4,0,0,3,0
1,0,139.0,0.0,0,0,0,0,0,0
1,0,110.0,0.0,43,4,4,0,0,0
